,nasdaq_actual_volatility,nikkei_actual_volatility,gold_actual_volatility,10y_bond_actual_volatility,average_volatility,day_count
0,3.983322826537775,0.9405027033973292,2.3220910584672843,1.9755649095728631,2.305370374493813,0
1,4.036881051898298,0.8711008040668046,2.3252716994691043,1.9832840430745229,2.3041343996271824,1
2,4.115889137636231,0.8708860959702249,2.3372289033157427,2.0849235707042912,2.3522319269066227,2
3,4.116564050350654,0.8708592609027737,2.3557156623775364,2.119123197301965,2.3655655427332323,3
4,4.1077977514398505,0.915366193854826,2.350619438107745,2.085408116615916,2.3647978750045846,4
5,4.08218999038989,0.9147111264170301,2.351450476836493,2.079432335460147,2.35694598227589,5
6,4.1173423087737016,0.9087567239843352,2.3582994400947603,2.100703918511681,2.3712755978411195,6
7,4.09430189974384,0.9244408194423094,2.360780721374569,2.0968986438167896,2.3691055210943768,7
8,4.125690647278081,0.9282280721823905,2.3874164233312234,2.095694275909447,2.3842573546752854,8
9,4.417978826758443,0.9029651274476724,2.3963969723798733,2.109448491410855,2.456697354499211,9
10,4.91669942204995,0.9090908484604238,2.4000597471784784,2.0968170287183985,2.5806667616018126,10
11,5.4195649014913085,0.9066311113478804,2.4055624478708637,2.030557456969081,2.6905789794197834,11
12,5.419850785313916,0.9070327649331884,2.3833335635157984,2.018202117539936,2.6821048078257097,12
13,6.0702637397808115,0.8976761486217032,2.389931359302858,2.0768136356091733,2.8586712208286365,13
14,6.275443984460403,0.8950611114236368,2.201024825794488,2.0778170661480404,2.8623367469566423,14
15,6.215898296442118,0.8928936840936843,2.1964182992344092,2.0749039783416765,2.845028564527972,15
16,6.243095948464039,0.8541679923655345,2.1912729325937508,2.0591416048650406,2.8369196195720914,16
17,6.454489026929407,0.8595336089776909,2.094282554389655,2.058078711903357,2.8665959755500277,17
18,6.656890703031187,0.8576942448065312,2.087031695377654,2.0768950627590503,2.9196279264936056,18
19,6.6482624213672254,0.8371890581354453,2.0857258831927292,2.075682924254352,2.911715071737438,19
20,6.671278015844524,0.8371203316533112,2.0913325415802033,2.0703995201123,2.9175326022975847,20
21,6.897706052133894,0.8230290751360658,2.102932329123194,2.031287152974433,2.9637386523418963,21
22,6.7783758075761416,0.8232929416805069,2.0814797982628988,1.990530962198657,2.918419877429551,22
23,6.789917198471008,0.8236329296619889,2.134270757520239,1.9999016127441944,2.9369306245993574,23
24,6.790518619036857,0.8227490636125073,2.23250494293682,1.9977697247050648,2.960885587572812,24
25,6.792656693610788,0.8188023839579768,2.2331137761785933,2.0297455520866445,2.968579601458501,25
26,6.830855148501921,0.8302202584174554,2.2898605089509845,2.0282093829436065,2.9947863247034916,26
27,6.841372877969714,0.7739755118792829,2.261799625802916,2.051174922738181,2.982080734597523,27
28,6.755746233594384,0.7876641114349402,2.2183485276970734,1.98379322866705,2.9363880253483616,28
29,6.805652841942306,0.7876015259986067,2.2748417169001174,1.9963998820816653,2.966123991730674,29
30,6.735325353233214,0.7739858558592493,2.2778062017439495,1.9998336964940844,2.946737776832624,30
31,6.721976085059191,0.7722787856901667,2.2067055628548826,2.0013194222628687,2.9255699639667774,31
32,6.704384972133938,0.7724502060374238,2.187662118566866,2.001982923255978,2.9166200549985515,32
33,6.706165213871082,0.778527905682165,2.1861875275671983,1.9932010478300957,2.9160204237376353,33
34,6.668916535452758,0.8386903213415285,2.212493164462405,2.023418439546207,2.9358796152007245,34
35,6.85904065029558,0.839875108171583,2.2158445124154373,2.045128155554881,2.9899721066093705,35
36,6.856495674936532,0.8404232397371261,2.2215461441040008,2.158292749085384,3.0191894519657607,36
37,7.033700798869223,0.8378734607475281,2.2357785331730624,2.1642722656335445,3.0679062646058393,37
38,7.031149278676669,0.828518090091687,2.223654252473562,2.161279561536579,3.0611502956946244,38
39,7.129997280533148,0.8287984545946053,2.2217430971223604,2.1622936480739443,3.085708120081015,39
40,7.181553918171092,0.8058722869465137,2.2269595270726947,2.309801296261799,3.131046757113025,40
41,7.17116327895333,0.8010199530815284,2.2898279267460944,2.309886366190106,3.1429743812427646,41
42,7.166691650993847,0.8202781176478071,2.2826705611076044,2.3132714477329164,3.1457279443705435,42
43,7.16575814344419,0.8177577261227712,2.4167272466898906,2.3534776521079928,3.1884301920912113,43
44,7.167698573789305,0.8193501478697632,2.4290265447534165,2.523863055182854,3.2349845803988346,44
45,7.169474512527707,0.817873189118427,2.4259909382718807,2.533144457783868,3.2366207744254707,45
46,7.184325169659282,0.8215645209456185,2.5825321738658666,2.3347752933431374,3.2307992894534756,46
47,7.184943819662671,0.7965165661191072,2.5622833304042545,2.3539883041163097,3.2244330050755856,47
48,7.267736341560111,0.8017517997169229,2.9240777333361234,2.341119769615355,3.333671411057128,48
49,7.208755267786333,0.8015387999440113,3.0442617009116284,2.345996181002985,3.350137987411239,49
50,7.212635388785955,0.8011618283265999,3.040330963098673,2.3449152818886265,3.349760865524964,50
51,7.178448564667223,0.8014113589448175,3.0360278532290508,2.330133883515817,3.336505415089227,51
52,7.155404197476942,0.8133833942676907,3.0317134302585536,2.278947812386685,3.319862208597468,52
53,7.231728815620318,0.8407501277798295,3.17993347940004,2.271499905239716,3.380978082009976,53
54,7.367715545604375,0.7784079135117339,3.1564791339938534,2.24811418457204,3.3876791944205005,54
55,7.365710061460158,0.7926118354846374,3.1851956389255967,2.3917913915112297,3.4338272318454055,55
56,7.346538721797336,0.7834622979744641,3.2112772175626945,2.3841891301475013,3.431366841870499,56
57,7.379379973764955,0.7554830524947831,3.228610539980623,2.3775244453740747,3.435249502903609,57
58,7.366884990699513,0.7429133060185162,3.218733930670585,2.4210182049079974,3.437387608074153,58
59,7.1536175607424255,0.747881876122774,3.2165543638753165,2.4076754363057042,3.381432309261555,59
60,6.835486759298942,0.7373860750949731,3.218812689656576,2.4454594907576563,3.309286253702037,60
61,6.356067881497818,0.7264210270344763,3.196895318749121,2.4983741981118963,3.194439606348328,61
62,6.343962429814948,0.7269880609939972,3.201580043786384,2.5176352188418463,3.197541438359294,62
63,5.837073342038205,0.7153374576450535,3.2956440040615878,2.4848874339387543,3.0832355594209,63
64,5.659601866991254,0.7185994506406903,3.6505861344493167,2.485578622835808,3.128591518729267,64
65,5.702883404091427,0.6901624235775139,3.6620857857336384,2.4796779481529034,3.133702390388871,65
66,5.657805291008785,0.6951512699395482,3.676296968229388,2.479771879857988,3.1272563522589274,66
67,5.320770800856104,0.6916112064012688,3.673297465536537,2.488587367263351,3.043566710014315,67
68,5.190226223617288,0.6891742788275594,3.7008310323966587,2.462626903958279,3.010714609699946,68
69,5.284861314601014,0.6676341498430016,3.7206297330951785,2.4968857845594363,3.042502745524658,69
70,5.2754824860569975,0.6568287770652479,3.8318318735753434,2.496278761245066,3.0651054744856636,70
71,5.007915092088014,0.6562693336539327,3.8324622062882714,2.520978276534493,3.0044062271411778,71
72,5.057534627295132,0.657159300182551,3.8325242559414683,2.50757071927736,3.013697225674128,72
73,5.038672747247683,0.6755346852644977,3.7576438017325495,2.505963950477497,2.994453796180557,73
74,5.041325683853633,0.6754455985235446,3.8564839453068975,2.524729807086795,3.0244962586927175,74
75,5.033854110238388,0.6762038298413076,3.8585776057394825,2.4959761260179607,3.016152917959285,75
76,4.9924059011950215,0.6647644149953431,3.841451146050945,2.5153071459603127,3.0034821520504056,76
77,4.983774080473241,0.6461057402718257,3.8564868408219297,2.494843678016777,2.9953025848959434,77
78,4.984400550537439,0.6338822073199114,3.8571062497025936,2.4801970508503786,2.9888965146025805,78
79,4.905851578866729,0.6245804716496867,3.888566654517221,2.4972510455180514,2.9790624376379222,79
80,4.931899198506637,0.6270180550202236,3.88748732373728,2.5080202001741854,2.988606194359581,80
81,4.846854486979289,0.6300440935236908,3.874510096394912,2.5489358535097746,2.9750861326019167,81
82,4.978557087774138,0.6260101848426528,3.9551315819630113,2.563273454272704,3.0307430772131263,82
83,5.115187455361494,0.6196361791777386,3.974774847367001,2.563077433811624,3.0681689789294646,83
84,5.09619020639823,0.5353908035091155,4.01217296267344,2.5861040502738017,3.057464505713647,84
85,4.6661144360302105,0.5340419610503132,4.04456896691409,2.5740224397859346,2.9546869509451374,85
86,4.762126529764141,0.5394461051809477,4.037889630905088,2.476213902066549,2.9539190419791814,86
87,4.578122425086619,0.5389916868675617,4.039171238237135,2.481895137033596,2.909545121806228,87
88,4.819436205160427,0.5434350914761827,4.076410349710176,2.4860110416365533,2.9813231719958346,88
89,4.710847208071876,0.543550860067254,4.103845695837937,2.4849415597454705,2.9607963309306347,89
90,4.644361557541789,0.5465033900296223,4.112005899069117,2.38975485669446,2.9231564258337466,90
91,4.7015158507063255,0.5411644828239569,4.074982410314405,2.390641926835228,2.927076167669979,91
92,4.766628773354292,0.5134925335852052,4.078512415796814,2.3821788948175002,2.9352031543884527,92
93,4.8766800234811125,0.5139422778378919,3.99595731295224,2.318685587130747,2.926316300350498,93
94,4.9029520628475,0.5120041549794918,3.981655690113881,2.1586971654619482,2.8888272683507052,94
95,4.916315362992037,0.5129723016261766,3.9820163641045463,2.2164798303415223,2.906945964766071,95
96,4.905479660965934,0.5069354382504695,3.9772281374440217,2.20093481833075,2.897644513747794,96
97,4.89918174000817,0.5080369064970185,4.009605823654235,2.1535257943572907,2.8925875661291784,97
98,4.777296131785509,0.5040252098589559,3.830792112329543,2.178207632786198,2.822580271690052,98
99,4.839267800861531,0.5062150650270785,3.725869976585032,2.2339858318185044,2.826334668573036,99
100,4.869396195972235,0.5395136116401101,3.704168596023544,2.23095422271314,2.8360081565872575,100
101,4.917087706672267,0.5391590014156552,3.7008846145051066,2.2512625877545767,2.852098477586901,101
102,5.067273581280864,0.5171586684208386,3.7145922122695088,2.233162885564345,2.883046836883889,102
103,4.9627571908195405,0.4805027404300259,3.648915825866711,2.173670810694154,2.816461641952608,103
104,4.79229125714714,0.5082030272159155,3.6581795813328015,2.165948049603068,2.7811554788247315,104
105,5.1351600968436335,0.4913009278592326,3.656766995638842,2.03094750821091,2.8285438821381543,105
106,5.161798056577966,0.4914991692795838,3.739385389227564,2.0350061066517453,2.856922180434215,106
107,5.077652586347782,0.5156225311358189,3.813371878277689,2.071836092729681,2.869620772122743,107
108,5.131515006959355,0.5114142644931513,3.8211085939553535,2.0694617741464736,2.8833749098885835,108
109,5.5177150154980055,0.5070616547071142,3.855046656057308,2.064166794220128,2.985997530120639,109
110,5.587530374332844,0.5090057120381143,3.8640062433460542,2.2277460169217465,3.047072086659689,110
111,5.793198346463484,0.511681073528864,3.867041049101328,2.1954103725431007,3.0918327104091943,111
112,5.791628752865539,0.5168909301135295,3.9996796162775774,2.1770621302510045,3.1213153573769126,112
113,5.7923776554690125,0.5096314812841234,3.9029776781558194,2.146817751361979,3.087951141567734,113
114,5.7807802282719285,0.5032689871684373,3.605988475513065,2.1524745750706145,3.0106280665060114,114
115,6.039707127280246,0.5009626494205022,3.617955025362988,2.1545271135602397,3.078287978905994,115
116,6.100051076836363,0.5100046093320062,3.6019453222278672,2.177720796031512,3.097430451106937,116
117,6.153554437822441,0.5113292854271386,3.6062140653386896,2.1755500820057785,3.111661967648512,117
118,6.243194686751336,0.5260249492433146,3.5718720991793984,2.166401419283454,3.1268732886143757,118
119,6.2211623207569104,0.5314800139997476,3.6336768549875393,2.1309786402871698,3.129324457507842,119
120,6.367149939855639,0.5278724532296899,3.5076398870810497,2.144240358466768,3.1367256596582864,120
121,6.368690422010536,0.526453361045879,3.509903754993672,2.2579071228664764,3.1657386652291413,121
122,6.378965630032231,0.5267370170171285,3.51321972569309,2.2551578044174065,3.168520044289964,122
123,6.3779020652484855,0.5541723958465535,3.5091957135514296,2.2468363650105143,3.172026634914246,123
124,6.3596497016513,0.5804643604382639,3.3580245862040923,2.209484051243424,3.12690567488427,124
125,6.62269964836869,0.5842016930444065,3.359380882992692,2.2138832665129264,3.195041372729679,125
126,6.684881630542753,0.5842679328142228,3.3497304996882487,2.2146403557191845,3.2083801046911025,126
127,6.674255656484517,0.5861226215487729,3.33621008319093,2.2205408655503245,3.2042823066936363,127
128,6.678846992077567,0.6466462689542043,3.3420370369544936,2.2192436343171766,3.2216934830758603,128
129,6.678888463006097,0.6381815939324615,3.2600582163172263,2.1865282136348148,3.19091412172265,129
130,6.74702245247893,0.6337575654433115,3.263894484626722,2.187249867135384,3.207981092421087,130
131,6.93075965888829,0.6308992062071019,3.2633601386694715,2.1898170024543577,3.2537090015548054,131
132,7.039204538873007,0.6344831352358257,3.355682955206658,2.2246607497979167,3.3135078447783517,132
133,6.909635075005909,0.6364621214372126,3.32975207952449,2.236636486024545,3.2781214404980386,133
134,6.912474924570706,0.6321584961490619,3.2756843679208267,2.1867587755111235,3.2517691410379292,134
135,6.991028981993544,0.6352164448935589,3.2383296762517713,2.2307128395599944,3.2738219856747177,135
136,6.990205643593246,0.6296897679649935,3.2379891986575577,2.576043591778733,3.358482050498633,136
137,7.0101232834619305,0.6292713572106975,3.2344439003546785,2.770690510004192,3.411132262757875,137
138,6.924186423961886,0.6381495077149842,3.1883744826543237,2.762599289292049,3.3783274259058107,138
139,6.919533944416161,0.6376929073945726,3.1434839411306235,2.767196210185612,3.366976750781742,139
140,6.898644703089205,0.6350138634568431,3.209223750240495,2.7011456697725618,3.3610069966397758,140
141,7.076928495762058,0.6358251026875746,3.213618287162052,2.7059498146094656,3.408080425055287,141
142,7.040965963909588,0.6337652391847238,3.1997690056128967,2.812780811571066,3.4218202550695684,142
143,6.980628195839704,0.6331932375592835,3.188109194727552,2.8195655493062683,3.405374044358202,143
144,6.954407936620818,0.6335484758530445,3.1914764401290032,2.805131192927373,3.39614101138256,144
145,6.939077681259827,0.6430482542193523,3.1931724782571833,2.773534291960849,3.387208176424303,145
146,6.945335787872124,0.6429822288294554,3.0127541252475387,2.8808491168044355,3.3704803146883884,146
147,6.9577072735892305,0.6397987189442547,2.9404787591998214,3.0000993845933865,3.3845210340816734,147
148,6.958091334123265,0.6374090802835238,2.9677105893694544,2.9942784853181386,3.3893723722735953,148
149,7.007940642900888,0.6355143369031946,2.9013750389248063,3.03421276809134,3.394760696705057,149
150,6.995272840089129,0.6014001354400392,3.0094269820522994,3.095537336671598,3.425409323563266,150
151,6.968534850223594,0.6151580701051971,2.991086948403942,3.083707537202269,3.4146218514837505,151
152,6.875045319506575,0.6160367411133312,3.0066444965240313,3.0792602781096714,3.3942467088134025,152
153,6.876054957404256,0.5997096689003594,2.9874313327388125,3.0852564465367167,3.387113101395036,153
154,6.8468041934642825,0.585705495152647,2.962986929868072,3.087120140394285,3.3706541897198217,154
155,6.580352757247969,0.6020337415149352,2.9610777448842978,3.0836497183993403,3.3067784905116353,155
156,6.548967285880829,0.600599066953972,2.839856908970393,3.0780785328122686,3.266875448654366,156
157,6.5882078156562685,0.5666088814250616,2.7299022381326217,3.052262580756312,3.234245378992566,157
158,6.5601617819381115,0.6027504818478197,2.7348591868058025,3.0499588579870047,3.2369325771446844,158
159,6.1904132720229565,0.6016413958155354,2.6994264168374977,3.048780327378981,3.1350653530137427,159
160,6.159079303854583,0.6031524251691736,2.69530842732171,2.9029812633982384,3.0901303549359262,160
161,5.893407092373316,0.5955143217357213,2.694240859031762,2.9277756518957307,3.0277344812591322,161
162,5.888157090270934,0.6279015255603364,2.5118768179185063,2.959781605940971,2.996929259922687,162
163,5.902834051073854,0.6290379450556862,2.515293638836821,2.960931571659191,3.0020243016563883,163
164,5.915926604651536,0.6236484674419681,2.5215123549390053,2.969769053245445,3.0077141200694886,164
165,5.746587374586945,0.641661479881559,2.5281171919235548,3.072413863299948,2.9971949774230016,165
166,5.714991130551138,0.6787443130467273,2.5379260151780225,3.0558738119547564,2.996883817682661,166
167,5.775089281996944,0.6797872994562054,2.5711344539897807,3.060009820732036,3.0215052140437417,167
168,5.587905664091082,0.7081212363495817,2.7049898799374867,3.0721866135097815,3.0183008484719833,168
169,5.579871453665539,0.7172444383406665,2.6229223209364663,3.137129123280649,3.0142918340558302,169
170,5.4142757304774465,0.7146586206757257,2.6323530935796087,3.1661610564853784,2.98186212530454,170
171,5.487045386607269,0.7257598041415814,2.7208442960232984,3.0849545333587707,3.0046510050327297,171
172,5.2758283924116105,0.7161036643210318,2.722988185155708,3.088420961365093,2.950835300813361,172
173,5.271955719408591,0.6987986204179982,2.747153089208988,3.0899703248416936,2.951969438469318,173
174,5.274054524530553,0.6870736738627327,2.7527402571410065,3.096698056744402,2.9526416280696735,174
175,4.812006800927757,0.6902498319091662,2.7473322496271484,3.1169714195615748,2.8416400755064113,175
176,4.625418353044643,0.6871136542468615,2.7528683635926385,3.1174542855927423,2.7957136641192215,176
177,4.612239682967118,0.6869528116880785,2.7515803573644435,3.114540964832567,2.791328454213052,177
178,4.663838828820948,0.6433678865637892,2.7474419624469832,3.1148276057034647,2.792369070883796,178
179,4.654874919375281,0.6433980231873646,2.7668533626513145,3.1163076807392684,2.795358496488307,179
180,4.577254621274991,0.6515057955004238,2.8727880937246346,3.144292693227624,2.811460300931919,180
181,4.410758633172153,0.6535473940092401,2.8782097677791367,3.166373837088843,2.777222408012343,181
182,4.296985345225072,0.7216261500317167,2.6424579190334403,3.1322539727490883,2.6983308467598293,182
183,4.260398006897226,0.7400319145696546,2.6422720180939034,3.1227297067117212,2.6913579115681263,183
184,4.284595295287368,0.7548056730276802,2.7163061797226677,3.121701002329095,2.719352037591703,184
185,4.270187042958098,0.7554452558374999,2.6999650278402805,3.0958901165435027,2.705371860794845,185
186,4.189980490894906,0.7585966669740183,2.7023738880826014,2.8456283873486314,2.6241448583250393,186
187,4.163862285915641,0.7651853775146007,2.6969378507444497,2.630268573853622,2.5640635220070784,187
188,4.137760016802311,0.758996073969053,2.688223687114448,2.7137518970069703,2.5746829187231954,188
189,4.139698284983819,0.767566999510658,2.7772041204284412,2.7494990539559265,2.608492114719711,189
190,4.1751215831884405,0.7909161402196881,2.702238526090749,2.7489761598153466,2.604313102328556,190
191,3.8267354700259153,0.7924309897335196,2.6989917052445387,2.7684735622256382,2.521657931807403,191
192,3.8372724648278633,0.7900051801522118,2.6694265890017217,2.641716751216339,2.484605246299534,192
193,3.8468894871339416,0.7910704739709687,2.6596323940265783,2.6393796482819605,2.484243000853362,193
194,3.9231083993358062,0.7907092763785074,2.6604042736872957,2.6402541659013066,2.503619028825729,194
195,4.005050062291165,0.7827476937314349,2.6736766902561167,2.6274054017523065,2.522219962007756,195
196,3.930222907091909,0.783142473897015,2.672382792101778,2.5483104610246707,2.4835146585288435,196
197,3.934464382359587,0.7825097030679308,2.6709703157237152,2.4459667338906983,2.458477783760483,197
198,4.002168809966853,0.7887642357641638,2.6336324274110394,2.426837729037229,2.462850800544821,198
199,3.826563112410591,0.7883740544283392,2.634152421699961,2.3614850612315195,2.402643662442603,199
200,4.0316090032829806,0.904265651206795,2.5506454830590983,2.3025822457582072,2.4472755958267705,200
201,4.038631706661923,0.9000565150373079,2.5540667344551062,2.320815113517631,2.453392517417992,201
202,4.015159607747412,0.9006250296610465,2.5351309480368807,2.308024720136604,2.439735076395486,202
203,4.0311917606104775,0.8983244815264748,2.5402325688585443,2.301308084509764,2.442764223876315,203
204,4.0269995548683095,0.901253053909345,2.5367834051774927,2.343054778408919,2.4520226980910165,204
205,4.024720387028512,0.8899750352503566,2.5337170313351347,2.3454949470458097,2.448476850164953,205
206,4.0279556073298775,0.8898957127787893,2.5845306002001305,2.402174752093853,2.4761391681006626,206
207,3.9796454063913633,0.8975718461851582,2.5423913328626315,2.413377921398187,2.458246626709335,207
208,3.9901929714002686,0.8668436785370319,2.577419792087103,2.3727355788343494,2.4517980052146884,208
209,3.9901815620119176,0.8685251393002208,2.5827366455110816,2.3731577495619667,2.453650274096297,209
210,3.855593911618801,0.8684484072783352,2.565267614559595,2.3123209126390574,2.4004077115239473,210
211,3.853407271668876,0.8684594222319966,2.5619807221850914,2.292620243246471,2.3941169148331087,211
212,3.946108615020092,0.8540622385438128,2.5491997303535507,2.2960041415693198,2.4113436813716937,212
213,3.947454533038656,0.8623327134612918,2.542898662469074,2.3336217115315208,2.4215769051251357,213
214,3.937489724546362,0.8787294328544833,2.545815240363761,2.313339927840963,2.4188435814013927,214
215,3.88904184772454,0.8699757178197068,2.492668769722364,2.2089495134428034,2.365158962177354,215
216,3.751848925503,0.8460188110168655,2.4806346050373254,2.2088410015662605,2.321835835780863,216
217,3.6789567241864143,0.8735186937402779,2.428270939679053,2.177527725285098,2.2895685207227108,217
218,3.713186534160324,0.8508821154476959,2.279263061238711,2.1474128975163853,2.247686152090779,218
219,3.706916788413869,0.8583890022105142,2.301742757011188,2.0768088235052957,2.2359643427852167,219
220,3.6726970545266666,0.8698715309966812,2.2950256823589377,1.9994851932883584,2.209269865292661,220
221,3.6801378220749217,0.941457252695864,2.1833462645181765,1.9864256553235167,2.19784174865312,221
222,4.510789611001117,1.1530167344030395,2.1810452107941543,2.0151431357411598,2.4649986729848674,222
223,4.740905540426052,1.1508575776979746,2.1582794041828923,2.0069060213736147,2.5142371359201334,223
224,4.9365531822773745,1.1631886681387265,2.149027892237401,1.9918889423956825,2.5601646712622963,224
225,5.083616079367513,1.2064707673938406,2.157528798757069,1.9686069533087176,2.604055649706785,225
226,5.155633539814772,1.2089512048771391,2.1502248354607336,1.939286709540019,2.613524072423166,226
227,5.1632171675494885,1.2066329346859266,2.1790245233856456,1.9383277767418368,2.621800600590724,227
228,5.164056279048657,1.2238309435386765,2.567696495272516,1.9573630479573203,2.7282366914542924,228
229,5.185436373448717,1.2354176961031604,2.5473621411208613,1.9791980178328543,2.7368535571263983,229
230,5.189745706616566,1.2679270185347489,2.4022220017060323,1.9323012181869488,2.698048986261074,230
231,5.2779987895659835,1.274531982916018,2.383620107690269,2.3857783638127987,2.8304823109962673,231
232,5.231463020167611,1.2446468301089852,2.4142395125986917,2.395690786900348,2.821510037443909,232
233,5.225200178960585,1.235273910883932,2.4105676092385946,2.4698829090423438,2.8352311520313638,233
234,5.2086749117158515,1.2227341973217627,2.3499785196757563,2.468361233303996,2.8124372155043416,234
235,5.159123434156566,1.2326500644868943,2.349348776469409,2.4726711761561657,2.803448362817259,235
236,5.12862699548042,1.2423022504388943,2.359380668806684,2.4145773873260903,2.786221825513022,236
237,5.130385432958394,1.256633852160281,2.3835642731002653,2.423672395584902,2.7985639884509603,237
238,5.138127291068729,1.2741998469015008,2.3965878237272302,2.3553491480866167,2.7910660274460195,238
239,5.170326086938495,1.3174175970121782,2.31582141500328,2.3324251965611604,2.7839975738787786,239
240,5.128759500085998,1.297385324284082,2.3134198941185944,2.333458690624074,2.768255852278187,240
241,5.082963324447472,1.3262670755079289,2.3252347919261025,2.2931319562288115,2.7568992870275792,241
242,5.0684638147683,1.328987348256084,2.3354150038541523,2.2821648726526176,2.753757759882789,242
243,5.055765143262506,1.332487579026196,2.382962882010505,2.2910295763714448,2.765561295167663,243
244,5.017843451366912,1.3345964379855555,2.38508480086948,2.309975197435149,2.761874971914274,244
245,4.937572487597191,1.3575005350679374,2.4706841312600534,2.3299233791348373,2.7739201332650048,245
246,4.933592140727284,1.3615239716907448,2.477958528824338,2.3583841613322925,2.782864700643665,246
247,4.913221527235248,1.3659439249639127,2.4754356612446595,2.345607462349584,2.775052143948351,247
248,4.916369041898603,1.3646171680072616,2.4792830780479767,2.3086676593565745,2.767234236827604,248
249,4.917003798506312,1.3664909735801272,2.475805123926672,2.3292385109456863,2.7721346017396993,249
250,4.774632288738359,1.2827080204783972,2.5343070911790897,2.3070041548595754,2.7246628888138553,250
251,4.797669810195414,1.2741752205540502,2.6354035420848225,2.2919025546669123,2.7497877818752996,251
252,4.801047299560673,1.2806434349356144,2.6531056225511453,2.292155702263153,2.7567380148276466,252
253,4.7901024318120005,1.4190134810223007,2.651806020356457,2.2842545257224702,2.786294114728307,253
254,4.799758778751089,1.4259346418869174,2.6961289656478664,2.262969861779088,2.7961980620162405,254
255,4.804795612471994,1.4841117576202976,2.742274888190204,2.2698054804280603,2.8252469346776388,255
256,4.801650364451503,1.491329516151923,2.671464780350345,2.233710790528063,2.7995388628704587,256
257,4.789184515966782,1.485767499734706,2.695907741050541,2.2681988908232893,2.8097646618938295,257
258,4.8077099944062445,1.503449824790276,2.6511934620769493,2.266157772165468,2.807127763359734,258
259,4.805389610585337,1.5031371749128877,2.653076493211997,2.2726023020094126,2.8085513951799084,259
260,4.804953143083819,1.5024915887234174,2.659007505934943,2.272440498183955,2.809723183981534,260
261,4.797954293263269,1.5028620793063827,2.675528543184273,2.277897121186016,2.8135605092349847,261
262,4.712447555733428,1.5080396012634298,2.674158399702101,2.2365891561444826,2.7828086782108605,262
263,4.661429186527354,1.506095776989544,2.6656912272373945,2.248978721804562,2.7705487281397136,263
264,4.6987738964437415,1.503215132126667,2.6579695201136366,2.2414312772076874,2.7753474564729332,264
265,4.69692445483395,1.5064701143938408,2.713577077084889,2.2461788682834647,2.7907876286490363,265
266,4.69683534679872,1.5070959796983538,2.7247102214574874,2.2462173132596712,2.793714715303558,266
267,4.646273096301179,1.4959541294444647,2.7243974590192037,2.2435403747766447,2.777541264885373,267
268,4.6357988482531685,1.4955396483956775,2.7226883676669376,2.3136350064303017,2.7919154676865214,268
269,4.640880675113378,1.4742826317449536,2.6796236253953825,2.3210424588967493,2.7789573477876157,269
270,4.635389117900254,1.470339614415986,2.737747307906273,2.3420979277020364,2.7963934919811373,270
271,4.547875711602637,1.443340368304058,2.7773301412693563,2.336779781143724,2.7763315005799436,271
272,3.61869496487448,1.274953600579198,2.789954492737958,2.3154446580371904,2.4997619290572066,272
273,3.1710296058388363,1.2751509657277458,2.790683552940315,2.3182849025382275,2.3887872567612813,273
274,2.959614279388437,1.2666798362478948,2.805759516603176,2.3129803462140788,2.336258494613397,274
275,3.282349509859817,1.2255993070242637,2.80799249461348,2.339026788028502,2.4137420248815156,275
276,3.3440306677246188,1.2222281434112017,2.9399170089651734,2.3456285684693188,2.4629510971425783,276
277,3.4333103737165773,1.2209713090484349,2.9249857164126327,2.3687404059464923,2.487001951281034,277
278,3.3803502563611283,1.207983170847334,2.619947644858758,2.347139658318285,2.3888551825963766,278
279,3.46599652488824,1.1977734610825852,2.6231907365286045,2.376403165083665,2.415840971895774,279
280,3.467106003982375,1.1664157563669446,2.6485433228974102,2.3910159271964564,2.4182702526107964,280
281,3.3298197810282435,1.1566365285588955,2.646772401572235,1.8438529276419424,2.244270409700329,281
282,3.3111733792147184,1.1565775275693608,2.7842692839240675,1.8314079462454695,2.270857034238404,282
283,3.344346780181428,1.147564138939026,2.7787699013594005,1.717113658320132,2.246948619699997,283
284,3.3637648321061224,1.144712543545266,2.80565563385312,1.7158092367826872,2.257485561571799,284
285,3.3869700708081374,1.1441153218502456,2.807511400591061,1.7245833365136345,2.2657950324407694,285
286,3.448341333003329,1.1365115493524485,2.8010150342801383,1.6993214692493568,2.271297346471318,286
287,3.478757631242497,1.116870317977386,2.8666741201455808,1.663835226376723,2.2815343239355466,287
288,3.465243755546028,1.0945428937232635,2.8434058170653205,1.6669795065371107,2.2675429932179307,288
289,3.4711572826753088,1.029979873059005,2.8455566345692898,1.7256921920785744,2.2680964955955445,289
290,3.4940697639016114,1.0237640056070183,2.8887880039692013,1.7193186017155693,2.28148509379835,290
291,3.4881245307257203,0.9974039724010152,2.8909931734670944,1.7323880546943544,2.277227432822046,291
292,3.492236177325395,0.9897935144282678,2.9019870810468684,1.7228883285080676,2.27672627532715,292
293,3.5012773382602327,1.0059946575876242,2.897384478275306,1.7198651618645826,2.2811304089969364,293
294,3.4892485349156166,1.0197305838368165,2.8989099201361785,1.6788868787488964,2.271693979409377,294
295,3.4926526114102345,0.9945915434981936,2.863899849659373,1.6348734414957116,2.246504361515878,295
296,3.515946838143075,0.990907153369094,2.8336460142981488,1.6150010706667286,2.2388752691192617,296
297,3.655106048201087,0.9858298446763414,2.8345729260978287,1.6440275525444699,2.2798840928799318,297
298,3.606748101675572,1.0106812265339415,2.8338975293882913,1.6504867486661083,2.275453401565978,298
299,3.61356230338802,1.0131157655489986,2.8355612432925374,1.6228969529120845,2.27128406628541,299
300,3.6129325305002116,1.00412913956594,2.8041503812637263,1.6069655408620085,2.2570443980479715,300
301,3.552030808935532,1.0177767929162056,2.74378213259507,1.5492771191200492,2.215716713391714,301
302,3.592582605556762,1.010168977121647,2.7302146465499764,1.6001343201084823,2.233275137334217,302
303,3.5897009061281335,0.7616350934030719,2.7397510888014667,1.6346241773954049,2.181427816432019,303
304,3.5802127500400176,0.7641306583114957,2.754939981561656,1.6133590212894655,2.178160602800659,304
305,3.5733320824577834,0.6838006969101397,2.725322828393302,1.70884810191731,2.172825927419634,305
306,3.628807596417994,0.6517232125214666,2.7279036296542842,1.7132570116651955,2.1804228625647353,306
307,3.6278033031518233,0.6490236246912735,2.7655525135144154,1.6877240825512083,2.18252588097718,307
308,3.625025754655068,0.6250134980273638,2.7700938082137565,1.6810232526153566,2.175289078377886,308
309,3.6500725720885168,0.6422423232526343,2.7598260748603347,1.6799345830868877,2.1830188883220933,309
310,3.6606897508705294,0.6389117879766586,2.7555258030554173,1.6956013022414222,2.187682161036007,310
311,3.660672592592897,0.6512949643794969,2.7394469266203654,1.7132088769573202,2.1911558401375197,311
312,3.6845320785775137,0.6731166238816084,2.739001878124029,1.7125044107726684,2.202288747838955,312
313,3.72260936384281,0.6906611561278179,2.7369598844198357,1.6865128287258906,2.2091858082790887,313
314,3.7333057912354684,0.6919986591177666,2.7722192532288243,1.6790976207911217,2.219155331093295,314
315,3.734962980590824,0.6997444063118685,2.7152426302397514,1.7390104135193352,2.2222401076654448,315
316,4.0450278854884765,0.7059387473414083,2.745826388393987,1.74036252175658,2.309288885745113,316
317,4.056318273747747,0.7054650699306129,2.747241711405251,1.7450646615659633,2.3135224291623935,317
318,4.116578867945665,0.7039572285925331,2.765128759736857,1.6804821430996082,2.316536749843666,318
319,4.147616657626096,0.7033166306096904,2.776276317209309,1.6697967902181856,2.3242515989158203,319
320,4.158554593272397,0.7034910590560207,2.7198154010032294,1.6678011111927786,2.3124155411311067,320
321,4.155505203255544,0.744513019155726,2.676221287475308,1.6724841799229266,2.3121809224523764,321
322,4.202697044873293,0.7441771973214113,2.696010905943929,1.6751798919418202,2.3295162600201134,322
323,4.207759337743686,0.7451173355326574,2.7052884070579117,1.6822811734547858,2.3351115634472603,323
324,4.221956025492006,0.7514322599450868,2.7030578957242657,1.6920160202091383,2.3421155503426245,324
325,3.8830685080546368,0.758661030057525,2.7518387063589382,1.6666345867744328,2.2650507078113833,325
326,3.778946848702582,0.7781669317755284,2.6158551987660768,1.6333729400893562,2.201585479833386,326
327,3.7066678483306896,0.7809673077831614,2.8033834015185293,1.5831502450966417,2.2185422006822555,327
328,3.704500378333592,0.7924059483869137,2.82696414631814,1.6042873248408849,2.2320394494698825,328
329,3.5959749748885863,0.8102022822067371,2.831997622460793,1.5628795944425269,2.200263618499661,329
330,3.6165405276209337,0.8519654623851051,2.7987086051640047,1.508306873113915,2.1938803670709897,330
331,3.6146892247327456,0.8519490679150836,2.798823400783065,1.4763693507210165,2.1854577610379775,331
332,3.6830678216444417,0.8537746321179043,2.6277938704436026,1.4882808336325983,2.163229289459637,332
333,3.7312784706041096,0.8529969184056377,2.6615817507891526,1.482814045337914,2.182167796284203,333
334,3.6902039092299472,0.8517454393927537,2.6167910155204326,1.5267344234828928,2.1713686969065065,334
335,3.72798403554354,0.8369274590141678,2.6740387961744903,1.5177669984411677,2.189179322293341,335
336,3.690105875605328,0.8545818525136388,2.779731378745093,1.5557665077416654,2.2200464036514314,336
337,3.7151808280974787,0.8576441974100413,2.751963879109664,1.5633848648608548,2.2220434423695097,337
338,3.721850382861738,0.8581624485674442,2.7906759890593085,1.6149912603965226,2.246420020221253,338
339,3.6783700586243735,0.8547619840894933,2.785444224217993,1.5707221568480951,2.222324605944989,339
340,3.668918763815756,0.8565939651747395,2.702603983081999,1.5897009742048245,2.20445442156933,340
341,3.710751050757875,0.8612644865650767,2.719422035404948,1.575437763085978,2.2167188339534696,341
342,3.724127556294336,0.8610678820404771,2.717149569375587,1.569207931734423,2.217888234861206,342
343,3.7187013161664235,0.8538195748879456,2.7188960472848325,1.6050146882355685,2.2241079066436926,343
344,3.725493256513165,0.8516362011016363,2.7051339662222835,1.5995436418791842,2.2204517664290675,344
345,3.724955405891081,0.8516301243760452,2.702900787287934,1.5851593867345986,2.2161614260724147,345
346,3.7131590940737684,0.8515284355848405,2.7035786276325635,1.572954797149256,2.210305238610107,346
347,3.5683899529831185,0.8531327822197998,2.7041222130697133,1.5747605971526732,2.175101386356326,347
348,3.5813589272302804,0.8235041095242758,2.7765744410034725,1.5778130666323993,2.1898126360976073,348
349,3.563716474324224,0.8166560353761992,2.7751906867530325,1.5804172875045912,2.1839951209895117,349
350,3.570674872055944,0.8389787173485885,2.845958945558161,1.6080080726124026,2.2159051518937742,350
351,3.619991322606063,0.8616954128032251,2.8904300599105457,1.5987844512530056,2.2427253116432095,351
352,3.588189229383648,0.9218058824457144,2.8932485904814373,1.5470470319573977,2.2375726835670493,352
353,3.642546477098631,0.9247544218341504,2.90024573631983,1.525556080620943,2.2482756789683886,353
354,3.6771667478311096,0.9154565671474376,2.853443877674507,1.5241660096815095,2.242558300583641,354
355,3.7112193306599286,0.914172114242134,2.841929334830805,1.3881378330680418,2.2138646532002273,355
356,3.663764127138263,0.9119688517331112,2.8991869599780222,1.4288442033936641,2.225941035560765,356
357,3.660370769926841,0.9106066682620308,2.8753560792292654,1.4288716828364794,2.2188013000636544,357
358,3.6304415983526517,0.9138706104944976,2.8722489844367263,1.429072658490992,2.2114084629437167,358
359,3.5992567933716537,0.9043593400116068,2.871832119780755,1.5722795453011205,2.236931949616284,359
360,3.5761996714409063,0.9099119653102312,2.9171274147988404,1.5559463312354989,2.239796345696369,360
361,3.585622062919613,0.9122549363020483,2.9165968906673174,1.531910264129999,2.2365960385047448,361
362,3.551007794916041,0.8750752349863091,2.919164553512844,1.534108158520306,2.219838935483875,362
363,3.517342031556129,0.858188381225886,2.940627558846064,1.5411833766990222,2.2143353370817755,363
364,3.4442120673217254,0.8541542976769566,2.9289379797815984,1.5429875079843378,2.1925729631911546,364
365,3.446556878772081,0.846438629785118,2.9326102326571344,1.4775610748454482,2.1757917040149457,365
366,3.1285597902298896,0.8444966577527422,2.935270982440643,1.473486760258884,2.09545354767054,366
367,3.1204666816482907,0.8445734254716948,2.929716849678445,1.4815963656005764,2.0940883305997517,367
368,3.091210378513811,0.8466940073959658,2.9278203682341437,1.4796838622523802,2.0863521540990755,368
369,3.0767389021846427,0.8489938430040539,2.921342183934523,1.4773825925517212,2.081114380418735,369
370,3.068672830366426,0.8567605257458494,2.9509154028357667,1.5032862116577943,2.094908742651459,370
371,3.0497800295196047,0.7958273702276609,2.979445201719292,1.5056553318314665,2.082676983324506,371
372,3.0533237869674066,0.8147071065169794,2.973984442729946,1.5169343898994665,2.08973743152845,372
373,3.0500646087324816,0.8142463360621406,3.018726473485913,1.5288082398293743,2.1029614145274773,373
374,3.0320702022842925,0.8136801178383544,3.021903932688565,1.5152379609698614,2.095723053445268,374
375,3.0270651618293725,0.8157267010893509,2.9412239277687218,1.5120517275590828,2.074016879561632,375
376,2.9964775943994506,0.8216331115296387,3.34465344068282,1.5027664114261274,2.1663826395095094,376
377,2.994868624060432,0.8292912619292335,3.2652808136977955,1.4998087121204215,2.1473123529519706,377
378,2.9921284956406384,0.8072363014509027,3.349960115843482,1.538034825229817,2.17183993454121,378
379,2.9882407085317806,0.7999129711057226,3.3769149187727434,1.5488291894283719,2.1784744469596546,379
380,2.9704129072229084,0.7619891100047141,3.3796770982775364,1.5474806282614424,2.1648899359416505,380
381,2.9730280998478764,0.7627532366746554,3.4449643575968625,1.5645300059159788,2.1863189250088433,381
382,2.876381528674041,0.7772864957669587,3.4545263248574454,1.5665431454958862,2.168684373698583,382
383,2.6864621056393903,0.7962795553660115,3.4923837578981054,1.5663081035855542,2.1353583806222654,383
384,2.7015110684682546,0.7974982719764109,3.526277011015241,1.5242637635146867,2.1373875287436483,384
385,2.650940484210044,0.7951778707756374,3.508441911173687,1.5248417742442166,2.119850510100896,385
386,2.6489432890056115,0.7754706521398682,3.377780068366768,1.4760997706189865,2.0695734450328085,386
387,2.5751716285420514,0.7801549030931206,3.3903592381628718,1.527511896663296,2.068299416615335,387
388,2.574265169744103,0.7895439659958795,3.3961828772165448,1.4629303659527255,2.0557305947273132,388
389,2.5929331537318165,0.8143905952742431,3.3925225725410018,1.4840917591022589,2.0709845201623303,389
390,2.5446937165205497,0.8115626573655575,3.3899353257042923,1.479113020849652,2.056326180110013,390
391,2.4876448735092485,0.9808326267652304,3.4516875314994215,1.490444649198019,2.10265242024298,391
392,2.503897073257235,0.9828968538451488,3.4600240302577836,1.4890880947957088,2.108976513038969,392
393,2.628517422588486,1.0104728661746545,3.4385918856197173,1.4580938745970549,2.133919012244978,393
394,2.6722163000900823,1.0161453744744058,3.45326617820611,1.4609056221309002,2.1506333687253747,394
395,2.6679779530952854,1.0322948035858373,3.4502914659827186,1.4587248860187276,2.1523222771706423,395
396,2.6795294280357784,1.0389232123115486,3.4785460576196514,1.472135557523801,2.167283563872695,396
397,2.6815962719752573,1.037432175206967,3.5888294067135513,1.4535966618324418,2.1903636289320545,397
398,2.6540300496775497,1.038708259809353,3.6091028591060317,1.453378538986867,2.1888049268949503,398
399,2.6534125248258,1.1051964031682724,3.6154440852976624,1.4527189665507745,2.206692994960627,399
400,2.6504092431751065,1.0909609611482267,3.6920400335264887,1.4498021898677886,2.2208031069294027,400
401,2.556960901649465,1.1794951664767026,3.675997453370172,1.4503069850128945,2.215690126627308,401
402,2.5706547812578293,1.131391791880853,3.669215061038336,1.4418663357627812,2.20328199248495,402
403,2.4959839956125878,1.1283622125584494,3.670159265532437,1.4412839428690274,2.1839473541431254,403
404,2.455377797099858,1.1493248727551293,3.6499221174943473,1.4488583428601458,2.1758707825523698,404
405,2.407288803609237,1.1902279752926341,3.7934247270240937,1.5212713221572816,2.228053207020811,405
406,2.4089210309475284,1.198580688812574,3.7366571244982496,1.4963400732419043,2.2101247293750643,406
407,2.7275083423944477,1.2538115941919727,3.724094065655295,1.5068152552447682,2.303057314371621,407
408,2.7386593306800715,1.2694638441474968,3.7231204462458143,1.5112730859065613,2.3106291767449862,408
409,2.735285564283337,1.2797851336882475,3.771023000140596,1.3410802247792726,2.2817934807228633,409
410,2.7348775496309097,1.2741236679911652,3.8102628733142025,1.3627477993064496,2.2955029725606817,410
411,2.7231379474370563,1.2946699312666037,3.813438464104956,1.3623914233193497,2.2984094415319913,411
412,2.7313931397136946,1.3028111741449653,3.8321873580089347,1.378164925144466,2.311139149253015,412
413,2.6900978997901523,1.3026479895273408,3.835692987177739,1.386875278836278,2.3038285388328776,413
414,2.6895075831118764,1.3333699835881725,3.843191628557357,1.383229296541481,2.312324622949722,414
415,2.67788449919996,1.3338120806011675,3.859580266872393,1.3908297778114942,2.3155266561212535,415
416,2.690484090038355,1.3310460737072982,3.869147164013597,1.4155077229597135,2.326546262679741,416
417,2.6884649437208754,1.3328611483773247,3.87041036488588,1.412059702476654,2.3259490398651836,417
418,2.679821531646524,1.3353526065008354,3.889620694026617,1.4133938842376834,2.329547179102915,418
419,2.6118439814530383,1.3424443753896091,3.8919669961734185,1.4202898332848477,2.3166362965752283,419
420,2.6118248886385804,1.3389283321804115,3.90146243074126,1.3991759535543302,2.3128479012786456,420
421,2.6118401238327644,1.3417650331608078,3.9249442909264354,1.4167372415087731,2.3238216723571954,421
422,2.546686266450057,1.3327462708109037,3.8838327768941623,1.4084757124215763,2.2929352566441747,422
423,2.5792331162991,1.336194456757274,3.8426168485047487,1.394668684975513,2.288178276634159,423
424,2.594863848854083,1.3372187510663014,3.887181686635644,1.3939087376180648,2.3032932560435233,424
425,2.6507587626512485,1.3266649590808044,3.8866925836124913,1.4120683952103856,2.319046175138732,425
426,2.634947331118266,1.3113105178659703,3.501863401703233,1.437353437068993,2.2213686719391155,426
427,2.635943901915992,1.3099969126796638,3.5328405646379677,1.4450602893041689,2.2309604171344484,427
428,2.6949432856119873,1.3496318307895967,3.405785354472331,1.3833783351820703,2.2084347015139962,428
429,2.6975936287570987,1.3435835099428763,3.3907223688205352,1.3761537961876242,2.202013325927034,429
430,2.7873068389586555,1.3642156526581126,3.379995383908051,1.3841261203921464,2.2289109989792415,430
431,2.8116755459801346,1.3694383055056292,3.3547729063275087,1.3671645359034033,2.225762823429169,431
432,2.798045912159633,1.3919244398111883,3.4594008415950785,1.3539354882788146,2.2508266704611786,432
433,2.801071475921808,1.3732236135709492,3.3874154290398013,1.3755298584002171,2.234310094233194,433
434,2.777411168619088,1.410785715895142,3.3423050125082288,1.489750536450485,2.255063108368236,434
435,2.808250362353602,1.420451506770861,3.351543362583869,1.5128520222717776,2.2732743134950275,435
436,2.8003243061107126,1.44232572734715,3.3493162218364088,1.5442669720883275,2.2840583068456497,436
437,2.804621595925922,1.4464372464110296,3.3338436083176295,1.4859599785233275,2.2677156072944773,437
438,2.802560111287047,1.4620804839609436,3.4013641124760507,1.5461860888839332,2.3030476991519935,438
439,2.7907504529139118,1.4546205662415626,3.3947664821121406,1.5488927944317528,2.297257573924842,439
440,2.790517040882152,1.499993634291099,3.4034526480063505,1.5407623882581292,2.3086814278594328,440
441,2.790840054321752,1.4119456831265902,3.348973055901276,1.5262915210025676,2.2695125785880466,441
442,2.7492282589650303,1.562367363704105,3.3616989798170107,1.508472505566718,2.2954417770132163,442
443,2.6225068334285107,1.5556205448689249,3.3520483578160465,1.5127267579368566,2.260725623512585,443
444,2.56526252859617,1.6499364707535855,3.3503823373015527,1.5120912567416285,2.269418148348234,444
445,2.5772819435469816,1.635452998699236,3.414981715947841,1.5286008273058156,2.2890793713749686,445
446,2.562292674390205,1.6583866138089634,3.36031244755,1.5148427708584775,2.2739586266519116,446
447,3.1086232702147063,1.7017126749626754,3.275791981627427,1.5116528330602244,2.3994451899662583,447
448,3.1391721577584395,1.7061464597554532,3.24668608598113,1.523993028688879,2.4039994330459757,448
449,3.1495887537826044,1.6783550300969912,3.330571959751212,1.52460412587157,2.4207799673755943,449
450,3.1800419359642786,1.684575741383019,3.159809291335718,1.5833673985053631,2.4019485917970944,450
451,3.178538304465529,1.6116659851524862,3.1583980379775154,1.5831960814725852,2.382949602267029,451
452,3.1726415800233467,1.6175548711594598,3.1670024365018064,1.5860382562742668,2.38580928598972,452
453,3.168245597972473,1.6190271433818442,3.1534053058561735,1.570778077556138,2.377864031191657,453
454,3.1677117851966785,1.6043955621160972,3.168684388170262,1.565911306940268,2.3766757606058264,454
455,3.1702302478889637,1.5842015983881512,3.027062372979985,1.500350140958972,2.320461090054018,455
456,3.1717782710012026,1.5789230736684667,3.0262410472748007,1.47930665420199,2.314062261536615,456
457,2.9288566815440213,1.5328947637325798,3.2386222437668697,1.474250151229493,2.2936559600682407,457
458,2.9674933215152666,1.5193383552824564,3.2356937282325147,1.469025996754998,2.297887850446309,458
459,2.9712763196685312,1.5086501267430323,3.153350714461764,1.472815933137829,2.2765232735027894,459
460,2.9883751199522526,1.5165070124271878,3.1512615979661613,1.4486065611739292,2.2761875728798824,460
461,2.9912922394374752,1.4921386642469388,3.1487065553847517,1.4546769412320923,2.2717036000753144,461
462,2.9808156498220497,1.4868791932588616,3.1286892033460694,1.463132763737384,2.264879202541091,462
463,3.236926444172489,1.4875041211523017,3.1283352227401386,1.451903298610268,2.3261672716687993,463
464,3.260079113700714,1.4709086546462453,3.0880092882200687,1.4515725038633642,2.317642390107598,464
465,3.285020850189591,1.470642463597137,3.0720683619664237,1.4640987943477746,2.3229576175252316,465
466,3.2921827719367767,1.4725802420551026,3.0461881105227087,1.4434533327489287,2.3136011143158792,466
467,3.3133264904934583,1.4709845413526836,3.1055407688286287,1.4720373328518557,2.340472283381657,467
468,3.290379570300212,1.4676802258434984,3.069240505961035,1.4629074961858912,2.3225519495726594,468
469,3.3990487464977477,1.462312930655569,3.1523428791624686,1.4611864734773676,2.368722757448288,469
470,3.451880419505708,1.487599965233565,3.1223550588485924,1.448478470283022,2.377578478467722,470
471,3.4760594314181636,1.5330305099954562,3.095780975932525,1.42165108787811,2.3816305013060637,471
472,3.4683711154937686,1.5415624381407402,3.66316128679725,1.417269070024045,2.522590977613951,472
473,3.4482889561810555,1.5383162336337548,3.666840875038898,1.4630484267690456,2.529123622905688,473
474,3.431550864007076,1.5374178327814556,3.6462280623349375,1.4584870697674353,2.518420957222726,474
475,3.578131032057022,1.5601076572236148,3.6401382592695577,1.4441274725859212,2.555626105284029,475
476,3.675137947755375,1.5588191580524495,3.638875240891397,1.4249303629019443,2.574440677400292,476
477,3.810309822288391,1.554193250301202,3.63197651983976,1.4197985649531415,2.6040695393456237,477
478,3.77359135905794,1.5187755582453033,3.635036827540648,1.4170656950830371,2.586117359981732,478
479,3.7896438888977744,1.5172855045269231,3.6344558611630613,1.4180010249985138,2.5898465698965683,479
480,3.732892264385837,1.4945708141667893,3.6379972542184977,1.4099155489887434,2.568843970439967,480
481,3.7692142147822016,1.490877828415415,3.5906289390079418,1.4098004818343082,2.5651303660099667,481
482,3.825318677960107,1.4610108417228609,3.493510464367535,1.4523730339567131,2.558053254501804,482
483,3.824771886213948,1.4648657964938987,3.514175532853724,1.4378032090934905,2.560404106163765,483
484,3.8272976403348262,1.4399956859355052,3.5891664360280084,1.3092582978128648,2.541429515027801,484
485,3.861572201761056,1.4403800007197776,3.5942016740047307,1.3267088972319392,2.555715693429376,485
486,3.8628262961046267,1.411869824808785,3.604088113599989,1.2846543498933716,2.540859646101693,486
487,3.8675931896393902,1.4122096034845228,3.5910753475800785,1.2866567539364473,2.5393837236601096,487
488,3.8676604661124254,1.390677812891456,3.5058480870405577,1.222535071088728,2.496680359283292,488
489,3.8698139043735713,1.4178343165184215,3.5061415814758314,1.1928434813529163,2.496658320930185,489
490,3.8861531433929892,1.3580592290835245,3.531847977508565,1.2151346627203756,2.4977987531763635,490
491,3.883968983573463,1.3681533274552482,3.524260890002056,1.2152844740669544,2.497916918774431,491
492,3.884630189975576,1.1620678408192076,3.525908193791189,1.2159742965073783,2.447145130273338,492
493,3.8834852055812696,1.1583785573213754,3.5344236788996386,1.2246165348778526,2.4502259941700344,493
494,3.8837842529424624,1.0332462177509545,3.5323477559182974,1.2433256279456832,2.4231759636393493,494
495,3.8766525593130834,1.0333945123916486,3.4998387280298795,1.2740025195808151,2.4209720798288563,495
496,3.9004823790093592,0.9735134293886748,3.5008440302004153,1.2771793525290014,2.4130047977818627,496
497,3.499371167260082,0.9183748482697528,3.521585489950263,1.281088896229163,2.305105100427315,497
498,3.4926312522510896,0.9133264493376912,3.5175215287430035,1.2620229983447817,2.2963755571691413,498
499,3.485132735872436,1.0051952174011969,3.4287909340905247,1.2888728295719256,2.301997929234021,499
500,3.452313375251386,1.0285820279340336,3.4341226296191003,1.1890867139638834,2.2760261866921008,500
501,3.4632731177335563,1.0224757502666308,3.42651524864555,1.1890450789763378,2.275327298905519,501
502,3.4572954912162235,1.0430063700891108,3.5165824365179312,1.189258566207268,2.3015357160076335,502
503,3.4455104678862054,1.0448807479337716,3.503402353886208,1.231995318337726,2.3064472220109775,503
504,3.449807050152557,1.0613162387100994,3.4955919749094098,1.2319937353311745,2.30967724977581,504
505,3.4551153648805952,1.0476293419783491,3.4936414634544555,1.23275556517707,2.3072854338726176,505
506,3.7293764629206003,1.0547886276698433,3.5049732387539416,1.2465877308833977,2.383931515056946,506
507,3.7182314314593854,1.051668010835135,3.337727316277521,1.3089895436520218,2.354154075556016,507
508,3.7680465090631334,1.0517126211856265,3.3377200428424167,1.319848899688011,2.3693320181947968,508
509,3.767262463630432,1.0523290557421874,3.3389268684035405,1.3194035577932808,2.3694804863923604,509
510,3.7621806461110765,1.0452431988111217,3.293065943991305,1.3192979983395092,2.354946946813253,510
511,3.959356148538635,1.0443051622594657,3.288874184166814,1.3161257033891174,2.402165299588508,511
512,3.950612343223232,1.04429776605434,3.3083839784393665,1.3258884679208798,2.4072956389094546,512
513,3.77837369836979,1.0440088113931425,3.298813398625865,1.3201623832769531,2.3603395729164376,513
514,3.8594006570914776,1.0505130872137198,3.299382500013329,1.3296686896896621,2.384741233502047,514
515,3.839276018521002,1.0505682906974485,3.3302092846693254,1.3516574734608928,2.3929277668371673,515
516,3.830045702189332,1.0496928454095262,3.3040936253118702,1.3511440997964743,2.3837440681768007,516
517,3.8168925158862206,1.0578605562294146,3.2468174527004354,1.3035169058649263,2.3562718576702495,517
518,3.8161856948214337,1.059211512060216,3.233928791478752,1.3086173776385044,2.3544858439997265,518
519,3.7135588247302254,1.0541862294522366,3.177194959243806,1.2977155342808242,2.310663886926773,519
520,3.729784294506353,1.0071841557893657,3.177193222729004,1.3319837299717392,2.3115363507491153,520
521,3.747827641829927,0.94614393586054,3.1556805129087184,1.3315834772738495,2.2953088919682587,521
522,3.747887175693416,0.931322225203664,2.4529564662014525,1.3281716626914206,2.1150843824474883,522
523,3.7920824403251534,0.9323126350280572,2.4373293529173066,1.282712806740142,2.1111093087526647,523
524,3.789028239258156,0.9438841634877552,2.5088945916352854,1.28434005614393,2.131536762631282,524
525,3.6301868800349824,0.9358519132242554,2.5076480172342546,1.2951272869460473,2.092203524359885,525
526,3.5453153248854212,0.9456216868036252,2.5169073620988947,1.2885395466127538,2.0740959801001737,526
527,3.4754929607318488,0.9425345489431116,2.4533219152480163,1.2918505687475417,2.0407999984176297,527
528,3.4775390780385576,0.9476419884385856,2.437008216262858,1.284559969058122,2.036687312949531,528
529,3.4552694575710134,0.9507562175658576,2.4435211179524137,1.3049928005121372,2.0386348984003555,529
530,3.4565786105634864,0.9519070289678412,2.4333250874931163,1.3089157192050316,2.037681611557369,530
531,3.38319507648174,0.9540885653478062,2.4456133649150837,1.3263822106976677,2.0273198043605745,531
532,3.3270516893187585,0.9600750944507008,2.4367558638169653,1.281982528263329,2.001466293962438,532
533,3.321853876598305,0.9542723986689328,2.4172450660956875,1.292243438580384,1.9964036949858275,533
534,3.321520882115933,0.9429759911252432,2.3043324360642643,1.2877969384836547,1.9641565619472738,534
535,3.2751170276512176,0.9310194773116008,2.385984833210285,1.2500153288573648,1.9605341667576168,535
536,3.2734364256984247,0.9329472598396678,2.3730246201003946,1.2663946554401977,1.9614507402696715,536
537,3.30651033466972,0.9297679680460696,2.371437145726684,1.3147324715672402,1.9806119800024282,537
538,3.307580447052811,0.9268048203497448,2.3528672798362487,1.3599944706134743,1.9868117544630697,538
539,3.3749562181643764,0.8828031485808769,2.3756286370933632,1.368129314345954,2.0003793295461425,539
540,3.3511271527065807,0.8973123890891833,2.3248675203115545,1.3770859635127002,1.9875982564050045,540
541,3.3762160620717614,0.8596034321951124,2.2709745148119915,1.3771156413717631,1.970977412612657,541
542,3.380871762675919,0.8783955443700379,2.257903600817912,1.3873039688049416,1.9761187191672027,542
543,3.3766454810582216,0.886765947429209,2.250744988739956,1.3786518649661699,1.973202070548389,543
544,3.3766250968530285,0.8783301660667624,2.6520859906545526,1.3714254743785543,2.0696166819882245,544
545,3.4093410824387873,0.9131138903139592,2.565612401414667,1.3544981742086055,2.060641387094005,545
546,3.379286770720328,0.9131550866693381,2.58871119754302,1.3640689082016724,2.0613054907835897,546
547,3.380344070003553,0.9164042384751974,2.5350857095640023,1.3558863425141372,2.046930090139223,547
548,3.365375073337802,0.9333929067916252,2.53630392898165,1.338294358170976,2.0433415668205135,548
549,3.3656675146128747,0.8307405841846448,2.5098178459825244,1.33299121313996,2.0098042894800012,549
550,3.3694694042054034,0.7734281972391909,2.511159804719679,1.3459190762766553,1.9999941206102323,550
551,3.358954205162548,0.7753719838031873,2.5105712829482423,1.374426630644748,2.0048310256396813,551
552,3.3607274126311046,0.7430862141689303,2.4068638859290257,1.377917448876166,1.9721487404013067,552
553,3.3496038967926913,0.7339166292094634,2.4175996309493364,1.3384175850931022,1.9598844355111482,553
554,3.344650024599925,0.7106686542454299,2.425295993332075,1.3606037512333946,1.960304605852706,554
555,3.3448621077846368,0.7534827852382957,2.4288446924726497,1.4110324917941797,1.9845555193224405,555
556,3.007177656319304,0.7455701205004751,2.421443928689936,1.4173312415395063,1.8978807367623054,556
557,3.0288360746178458,0.7569933140779576,2.4221624964009982,1.3687019875863142,1.894173468170779,557
558,2.914376129032073,0.754975461183035,2.417801289017668,1.3615968720113245,1.8621874378110248,558
559,2.938927649377173,0.7566228042551006,2.4340036132009324,1.354994752222383,1.8711372047638974,559
560,2.9402310331865533,0.7585277260987129,2.438586259560234,1.3608231703051836,1.874542047287671,560
561,2.9541379988418286,0.7758973320338871,2.4345699708443598,1.3560835387112518,1.8801722101078318,561
562,2.9524907030799437,0.7765035686342091,2.4384756906960448,1.3192402595259862,1.871677555484046,562
563,2.9547294981806136,0.8284212003886688,2.439222797157925,1.3274136366470315,1.88744678309356,563
564,2.849760322263002,0.80459848157543,2.4714460624439942,1.3269380061855969,1.8631857181170057,564
565,2.8367684761149667,0.8066687111020007,2.455063272070048,1.2894886481126258,1.84699727684991,565
566,2.85911176266384,0.8070278173829696,2.464688662859281,1.282958636744979,1.8534467199127675,566
567,2.8565260673868456,0.7995442416537929,2.4648334474553955,1.284288202384159,1.8512979897200483,567
568,2.86981005403487,0.8068353124409925,2.5699524442284947,1.2873887073112955,1.8834966295039133,568
569,2.8701762809533453,0.8071105915944603,2.5484338221873863,1.2905834620744934,1.8790760392024213,569
570,2.843464082871366,0.8064279175548104,2.549880257531628,1.309776360326658,1.8773871545711156,570
571,2.7882220507340776,0.8099055685170462,2.6092143417787117,1.3104007791562928,1.8794356850465321,571
572,2.78822038742316,0.8070576552215214,2.8019852186740826,1.303406023964928,1.9251673213209233,572
573,2.7135799234582514,0.8118402238179462,2.8014084408871045,1.3384562579167063,1.9163212115200021,573
574,2.7383988339665364,0.7856612400926941,2.7058002589262844,1.3391230873794888,1.892245855091251,574
575,2.8517856831712587,0.8073240203964894,2.705009203835412,1.3430801452903418,1.9267997631733755,575
576,2.8177185392098067,0.8474189186229899,2.711252115356652,1.3342423617244683,1.927657983728479,576
577,2.7346321387741943,0.8472089875169048,2.706839738386975,1.3527322167438591,1.9103532703554833,577
578,2.8022705790703597,0.850812436871503,2.7191457114940234,1.3458662289684218,1.9295237391010769,578
579,2.802409820422726,0.8474330965240001,2.711611305143978,1.3406367352534276,1.925522739336033,579
580,2.774923227103001,0.8445176359388744,2.813252333997353,1.3674938237796672,1.9500467552047238,580
581,2.7794632373612336,0.84254651892123,2.8071297583384527,1.3542575884574652,1.9458492757695953,581
582,2.7896442978720684,0.8346596815340529,2.807814878592619,1.3390138807564085,1.9427831846887873,582
583,2.941405255190696,0.8359971195873115,2.8354881083794217,1.3269987438109547,1.984972306742096,583
584,2.9660024985377467,0.8454501655745891,2.8337730869388205,1.3376695808750416,1.9957238329815494,584
585,2.954535980825788,0.8454914108392352,2.7561895982073454,1.3374795428123658,1.9734241331711835,585
586,3.0551292651274418,0.893495630017875,2.753740147785384,1.3102596166639555,2.003156164898664,586
587,2.9907154214936726,0.9265123757903072,2.768895305919062,1.2462199271628611,1.9830857575914758,587
588,2.9912248010320086,0.9292095825183708,2.7693404427688955,1.2377928146985615,1.981891910254459,588
589,2.9253530131707293,0.928039476471713,2.761417243718182,1.249163762843435,1.965993374051015,589
590,2.9306009332792904,0.9152318424235532,2.7719405200973077,1.2021768734001927,1.954987542300086,590
591,2.9201629982539714,0.9169522465430108,2.771337506694968,1.2056463738092884,1.9535247813253096,591
592,2.92345728497766,0.9011166167235841,2.7938944126339518,1.1996353853779032,1.9545259249282747,592
593,2.922904101927464,0.9018671612727402,2.8061317883828525,1.2065861308799282,1.9593722956157462,593
594,2.9336595894577417,0.9186439714150562,2.4710926501552652,1.215285522358632,1.884670433346674,594
595,2.9844858281800293,0.8813834018286448,2.510011445925172,1.1738656955845512,1.8874365928795993,595
596,3.022930494820975,0.8875403707459435,2.540573925235381,1.1732624606784872,1.9060768128701966,596
597,3.0400964658365073,0.8878228935249799,2.5532878802952523,1.1854996449742603,1.9166767211577502,597
598,3.041833362807606,0.8711087899622374,2.5615123835558538,1.1853102677484069,1.914941201018526,598
599,3.0406356269910604,0.8695281996484351,2.563724137827679,1.1638646500419634,1.9094381536272844,599
600,3.0370125046835286,0.8707473026776898,2.5598788906077403,1.1567999506921212,1.9061096621652698,600
601,3.050419583034586,0.9199992616046724,2.553373723654214,1.1336540561953354,1.914361656122202,601
602,3.0483281747433963,0.9292292034695196,2.5618631806217147,1.1344532801068845,1.918468459735379,602
603,3.047842497556809,0.92946306530642,2.5505877892768,1.1211907537555632,1.912271026473898,603
604,3.089003971303088,0.9246159144863384,2.5458184105136947,1.114561816272269,1.9185000281438476,604
605,3.2131714915228713,0.9067454882010246,2.5350866944855066,1.0637689088554134,1.9296931457662039,605
606,3.2433211471410157,0.9029827765602308,2.62337322897424,1.0377336278573606,1.9518526951332116,606
607,3.2031438901585614,0.8941778263351118,2.6263328423641683,1.103227713858571,1.9567205681791031,607
608,3.2338588723800137,0.8941271921251255,2.626505591959236,1.1035540838612972,1.9645114350814181,608
609,3.2028461741379535,0.9435113790032648,2.6229395848541173,1.1043466519851304,1.9684109474951166,609
610,3.1978792470698063,0.9437799526700767,2.629786790900809,1.1199877077764842,1.972858424604294,610
611,2.9027135361928456,0.9318317468602776,2.7130708950156817,1.1138082510910363,1.9153561072899603,611
612,2.934790421081426,0.9320852251859366,2.700796523360064,1.1055126713983088,1.9182962102564338,612
613,2.9502743876345043,0.8915504238443871,2.7246801622931978,1.1402117076535905,1.92667917035642,613
614,2.975816591523662,0.8978405931950544,2.7079285966385824,1.1336541461644905,1.9288099818804474,614
615,3.029481728595183,0.9063836892464894,2.690631271462117,1.1613000292569269,1.9469491796401788,615
616,3.0079548838095924,0.905609934115962,2.6840394499572904,1.404141694337042,2.000436490554972,616
617,3.017376854330364,0.9057720647792444,2.6864001332617478,1.4558324931487343,2.0163453863800225,617
618,3.0501074862297046,0.895504938925668,2.610383579510999,1.448994732365631,2.0012476842580007,618
619,3.0682013603594482,0.8955368254294297,2.6576172705804018,1.489205303531335,2.0276401899751537,619
620,3.0716305289321824,0.895094477094215,2.6858516831500654,1.4552560022823124,2.0269581728646937,620
621,3.073587592743368,0.8944936534319113,2.6274270881854807,1.4584435147830868,2.0134879622859616,621
622,3.1540071488593138,0.8943008191549483,2.376625991844965,1.4807697933273505,1.9764259382966443,622
623,3.1736016062372654,0.8955849322750826,2.385132463026649,1.4658494912632933,1.9800421232005725,623
624,3.2192041316161366,0.8983054701343326,2.3872460309153585,1.4640138844780353,1.9921923792859657,624
625,3.1352412017011915,0.8538702868163208,2.4031802523625334,1.4529360654228491,1.9613069515757235,625
626,3.1464822842558706,0.8112653676078402,2.4188451080065327,1.4514146419933056,1.9570018504658873,626
627,3.438501727568649,0.8603442673682267,2.4083209627375393,1.4317282956381283,2.034723813328136,627
628,4.2004884753467095,0.8505932255530706,2.404286717785031,1.4415128348657178,2.224220313387632,628
629,4.404994771090143,0.8485925835170455,2.467065815307859,1.4309948260414789,2.2879119989891317,629
630,4.444515426089217,0.8602062531294492,2.3057895764824474,1.3989666317407226,2.252369471860459,630
631,5.089061254348015,0.8621222758865741,2.3099628854628285,1.4092939846634038,2.4176101000902053,631
632,5.160901212623118,0.8641691227351885,2.3124938594561177,1.4176363277743067,2.438800130647183,632
633,5.187511560880718,0.8773198437516303,2.348981416211059,1.4263148223077342,2.4600319107877855,633
634,5.176118046423776,0.906437512652098,2.341386050177562,1.4099936688334196,2.458483819521714,634
635,5.2895453338343135,0.9204152763247078,2.2765295957854708,1.415621904280284,2.475528027556194,635
636,5.318095223131156,0.8647535683153839,2.314782027045413,1.4157169395627371,2.4783369395136723,636
637,5.319147106085269,0.8216221080821741,2.309998577805185,1.4375925796266444,2.4720900928998177,637
638,5.320632085046533,0.8131295456768425,2.31812359414829,1.415930829435111,2.466954013576694,638
639,5.3190323842383975,0.8099172502913968,2.318357988615796,1.3960114693754408,2.460829773130258,639
640,5.318015604641528,0.8111036258843682,2.31811331445129,1.3863811138114617,2.458403414697162,640
641,5.411923299183575,0.8103588144079646,2.3178680632353124,1.3867552080402907,2.481726346216786,641
642,5.443929767012211,0.7881663121172839,2.2659302280705282,1.385810346198426,2.470959163349612,642
643,5.512219696373077,0.7815412203001397,2.2640445384396624,1.379102451339196,2.484226976613019,643
644,5.5359358930063784,0.7628122246152336,2.259534563599458,1.3732809965316488,2.4828909194381796,644
645,5.562358179556464,0.7626835374006474,2.180419422521021,1.3729066249981587,2.4695919411190728,645
646,5.577164684273533,0.7637205900143829,2.0971880976988184,1.3712329318612781,2.452326575962003,646
647,5.5960743721736765,0.7929843788542231,2.1003810045881006,1.3595931635325458,2.4622582297871367,647
648,5.60224706285484,0.7894106939644205,2.1107302191759927,1.366751968230262,2.467284986056379,648
649,5.603658043739678,0.7891135934268562,2.0945126759756096,1.3650024715724127,2.4630716961786394,649
650,5.605080526550718,0.7888112140228557,2.0933391779265724,1.366358676373798,2.463397398718486,650
651,5.688983806403044,0.7116764157533004,2.157633994116458,1.3722404728671291,2.482633672284983,651
652,5.6894473486681045,0.7089801412938489,2.157875132457186,1.3909607520853795,2.48681584362613,652
653,5.738427149922942,0.7265616324172024,2.1881334082207267,1.4237872160963985,2.5192273516643175,653
654,5.718553305189023,0.7393938705186258,2.224991501470465,1.4172949398762038,2.5250584042635795,654
655,5.6605326339487245,0.7298492971804083,2.2502369462737595,1.4186340666795516,2.514813236020611,655
656,5.64371324459069,0.7246293560915472,2.1969927066782757,1.4266732975756538,2.498002151234042,656
657,5.773495675573503,0.7324625895981578,2.18139211530939,1.3679141299326472,2.5138161276034245,657
658,5.755526479206022,0.7424265864936794,2.18029207942759,1.3680811004308524,2.5115815613895363,658
659,5.757330955584683,0.6972955631175786,2.1726460639628282,1.3666170968885447,2.4984724198884085,659
660,5.960622032998791,0.6956901668106935,2.2780924294432774,1.3682889824650462,2.5756734029294517,660
661,6.148073478717237,0.6988276685636087,2.2132863214633045,1.3703623681651265,2.6076374592273193,661
662,6.457022752519332,0.6988277993389582,2.190376876284444,1.3785442618313215,2.681192922493514,662
663,6.691321917306647,0.6898452838896298,2.176938981500995,1.351009390845489,2.7272788933856904,663
664,6.703297999958181,0.685802262327215,2.196215623424453,1.3581060749078941,2.735855490154436,664
665,6.75236227865939,0.6790540579919893,2.1962886257171466,1.3363479289036415,2.741013222818042,665
666,6.950658550540208,0.6906333593621079,2.2014024955516955,1.0819031497251506,2.7311493887947904,666
667,6.974640922911693,0.6978365538352195,2.2023482638648577,1.088091522623065,2.7407293158087085,667
668,7.008924821402414,0.7162058229567125,2.219190471777209,1.087243263794757,2.757891094982773,668
669,7.000737500285668,0.72141250634118,2.1761118061030857,1.0273784911114217,2.731410075960339,669
670,7.122302363191965,0.7216139302269129,2.119363261822896,1.0269749500589376,2.747563626325178,670
671,7.132907309110968,0.7190091737186313,2.1481401969634097,1.0286872810365668,2.7571859902073936,671
672,7.208714419019202,0.7196476296448402,2.1504007294726426,0.989787083214638,2.767137465337831,672
673,7.205684543504973,0.7087572220660923,2.13988374966177,0.9999501512405956,2.763568916618358,673
674,7.220880376499367,0.7015491645098701,2.113569987543317,1.0061991449598608,2.7605496683781037,674
675,7.224308325828978,0.7774898976613347,2.0863291825620847,1.0049073235750834,2.77325868240687,675
676,7.237450885153152,0.7745385109366114,2.038822371008149,1.0048310099152198,2.763910694253283,676
677,7.218685343355705,0.7073185270692761,2.038018457756509,0.9995359905799892,2.74088957969037,677
678,6.8151678387556105,0.7159691918885862,2.0359609744639324,0.9976592854372096,2.6411893226363348,678
679,6.715650103498748,0.7176073152332698,2.072327981148286,1.0099760563254658,2.6288903640514425,679
680,6.739681268935922,0.7112859546990972,2.102722598896153,1.009896686916705,2.640896627361969,680
681,6.273185576255512,0.7022196413391819,2.0950344247012667,1.0041506246736305,2.518647566742398,681
682,6.314144092997769,0.7018068241152777,2.0963182144464807,0.988806619592588,2.5252689377880286,682
683,6.24166448826287,0.6906620414215372,2.0309182432010218,1.0085888385296753,2.492958402853776,683
684,6.316749966858494,0.6490148239982166,2.0323070246672774,1.0084958516486926,2.5016419167931705,684
685,6.212257621073508,0.6350997188386348,2.0497750588603703,1.0073214827647283,2.4761134703843104,685
686,6.148382044405047,0.6465534745858573,2.005688283273248,1.0533325490781746,2.463489087835582,686
687,6.1753285387421695,0.7064687358960364,2.004866361404266,1.018120780204074,2.4761961040616365,687
688,6.180131668293532,0.7386764152156639,2.0058551468616184,1.030465563013414,2.4887821983460574,688
689,6.179665779575894,0.7742697572115891,2.0495223752270286,1.0335562158059646,2.509253531955119,689
690,6.272139075288916,0.8346779223320105,2.051557901660014,1.0309539334610578,2.5473322081854994,690
691,6.193305840050559,0.8362061755080828,2.049534032040305,1.0301104000440726,2.527289111910755,691
692,6.150315440169936,0.8406233706111713,2.046003096268912,1.0283859845924703,2.5163319729106224,692
693,6.13607966833014,0.842527875377157,2.085021438623405,1.0408674477203228,2.5261241075127563,693
694,6.138630224202461,0.8372320888006021,2.082654247481168,1.049830394590467,2.5270867387686744,694
695,6.082548885113366,0.8378739861799634,2.181852210388083,1.0359012598246289,2.53454408537651,695
696,6.049378174687527,0.8356181420288942,2.172519974084948,1.0376771338603918,2.5237983561654405,696
697,6.041561659958206,0.8130906613056693,2.154466600971725,1.0293532612972367,2.5096180458832094,697
698,6.044259493190501,0.8178661836966028,2.150997331877597,1.0269499858503883,2.5100182486537723,698
699,6.042485859114229,0.8310922678578048,2.153177724379908,1.0483301994492429,2.518771512700296,699
700,6.041211566635607,0.83058914117274,2.153714325989643,1.0485718034860154,2.5185217093210017,700
701,5.944414212638725,0.8799185440119476,2.1144023559201117,1.0366713341875529,2.493851611689584,701
702,5.9399200630622095,0.8755658630718132,2.119287613834357,1.0170239161290089,2.487949364024347,702
703,5.9227855528443625,0.8731617374879386,2.0995179955720906,0.9695762158425948,2.4662603754367467,703
704,5.921763377312697,0.9003799177923262,2.075551830609046,1.076124777439731,2.49345497578845,704
705,5.921134526440209,0.9059754658206404,2.2083251222253395,1.081761111377818,2.5292990564660016,705
706,5.929104991114133,0.9139996068911844,2.248775229935338,1.0737887632363887,2.541417147794261,706
707,5.840411660559925,0.9140963972760424,2.2616438756663433,1.0694517158617498,2.521400912341015,707
708,5.841655005773001,0.9212708419125002,2.2647130768245174,1.0768189592236157,2.5261144709334085,708
709,5.909753720279451,0.97663314962334,2.282613171941956,1.0753602236720856,2.561090066379208,709
710,5.706014374251495,0.9766871012945156,2.1830300944268872,1.1444470504839823,2.50254465511422,710
711,5.47312960095056,0.9755550936090516,2.1733037680258365,1.1407085378698003,2.4406742501138123,711
712,5.122953103279968,0.9796746161091484,2.2033293486917915,1.1300613114455995,2.3590045948816267,712
713,4.767106320812178,0.979450498241382,2.1988922271524234,1.1274116212202498,2.2682151668565584,713
714,4.721627083619164,0.983212346515415,2.1722824757698285,1.1205659286320993,2.2494219586341266,714
715,4.6293255123804125,0.985800507315602,2.1749695184008107,1.1208177796622574,2.2277283294397705,715
716,4.2398581557319845,0.9954784539169192,2.1724702811898773,1.1065524787889192,2.128589842406925,716
717,4.212874703016602,0.9997471476223782,2.2225780811007767,1.0289903692584756,2.116047575249558,717
718,4.15678078552525,0.9890900861701653,2.1977276587866768,1.0397444902645494,2.0958357551866604,718
719,4.1595526053991545,0.9859750579022594,2.240931314052793,1.0597784389501623,2.1115593540760926,719
720,3.840990727055458,1.093338912601144,2.2565565627158883,1.033269285282423,2.0560388719137284,720
721,3.8500476229600697,1.0967306860463002,2.249917150831791,1.071670772585179,2.067091558105835,721
722,3.6704906469643377,1.1343901891731412,2.285726295162545,1.0719161498570602,2.040630820289271,722
723,3.7183268092242785,1.2402453218785503,2.281972184534113,1.0396359746911763,2.0700450725820296,723
724,3.6882992687818734,1.249972461359875,2.28017331752616,1.0550683917644443,2.0683783598580883,724
725,3.939550126294222,1.1944007105364742,2.2859060129598205,1.0508540417483978,2.1176777228847286,725
726,3.9257138247151113,1.1953260988590204,2.2962048301195668,1.0874184892189662,2.126165810728166,726
727,3.918437480618589,1.2059166830299852,2.2949832855959382,1.0915023748476391,2.127709956023038,727
728,3.945810016450753,1.2554150758783016,2.3221662810520254,1.0891278205852235,2.153129798491576,728
729,3.907421077267208,1.4263784030472066,2.2157085102343217,1.0798288433557257,2.1573342084761156,729
730,3.8306919450249777,1.4367519481752389,2.176337960236748,1.0810421465935478,2.131206000007628,730
731,3.8747878290395543,1.4609728039807914,2.181864821109958,1.0951123575788808,2.153184452927296,731
732,3.743193961139848,1.5656240771392609,2.194563725023983,1.0940031999131359,2.1493462408040567,732
733,3.815893417016699,1.7533078845996215,2.232177464507812,1.0929678068584088,2.2235866432456355,733
734,3.724901653478325,1.7638573984605277,2.227207400459144,1.1011939470161518,2.204290099853537,734
735,3.7245203111264,1.7663200837651498,2.207513315167248,1.093247204543596,2.197900228650598,735
736,3.705545954500229,1.7721429758014349,2.2077964352028645,1.075698443099024,2.190295952150888,736
737,3.757621410931357,1.764022985806694,2.207904375949276,1.0789721704536837,2.2021302357852526,737
738,3.73830697247242,1.7761076097124753,2.301362931617025,1.0643201524282109,2.220024416557533,738
739,3.742005059433665,2.083776262433582,2.278391404446426,1.0628826696713247,2.2917638489962493,739
740,3.619958158939351,2.3769623452280366,2.272683356189152,1.0636100965090023,2.3333034892163855,740
741,3.600374318849146,2.44493061254513,2.26955038275842,1.0579287219316624,2.3431960090210895,741
742,3.6155360614323473,2.5158807510136203,2.2996205573959227,1.059108202400824,2.3725363930606784,742
743,3.5740694482029403,2.521343272399826,2.2737005915687107,1.0366298578342248,2.3514357925014253,743
744,3.540815434443481,2.5211627396307668,2.2782299941723574,1.027974294030699,2.342045615569326,744
745,3.540580068372124,2.5820587724488218,2.1943504352303416,1.032037725938956,2.337256750497561,745
746,3.6044493816204435,2.5825702702497386,2.1653522737638733,1.0782961393296109,2.357667016240917,746
747,3.629287115518376,2.5833581712057185,2.20477137703014,1.0985034614543103,2.3789800313021363,747
748,3.7550174870153374,2.6656352390802627,2.2120589515721107,1.0958587604333891,2.432142609525275,748
749,3.8685276444866026,2.687658397054705,2.220821012647714,1.0841686703560949,2.4652939311362787,749
750,3.8690304778286335,2.710711613451689,2.2200474105259036,1.0922362199000626,2.473006430426572,750
751,3.8655884753716174,2.7005755169188204,2.2153485131485846,1.102230343355397,2.470935712198605,751
752,3.929448218708565,2.7050893056822187,2.2375105199512793,1.095630375694474,2.491919605009134,752
753,3.9143458982341404,2.715874161492665,2.2370093499853927,1.094553144398145,2.4904456385275857,753
754,3.92664807072386,2.753093972745244,2.239581736810217,0.9782072906603548,2.474382767734919,754
755,3.9284778666305935,2.7471024777677946,2.1177991406853036,0.9673394675649188,2.440179738162153,755
756,3.907828420684285,2.7491696308569056,2.063930712030136,0.9740696085914424,2.423749593040692,756
757,3.8767225290139264,2.790355984859791,2.0728884384695005,0.9759699115455291,2.4289842159721866,757
758,3.901280343323749,2.7869325705785597,2.066475222738692,0.975023985930574,2.432428030642894,758
759,3.7985014023091668,2.7694734414353186,2.0394374689993637,0.9703812106124574,2.3944483808390764,759
760,3.7961495372143483,2.7697622162591338,2.026110011895675,0.9283363018366088,2.3800895168014415,760
761,3.878856630835205,2.7828857878864213,2.0242341490078744,0.9253407131241446,2.4028293202134114,761
762,3.8648447292711903,2.7792097643926144,2.01639986411517,0.940095265490217,2.400137405817298,762
763,3.835080064515597,2.8133632849550785,2.0165706737592544,0.9438897572549664,2.402225945121224,763
764,3.834668882592851,2.8133751496543358,2.0151265699426166,1.0656770218539386,2.4322119060109353,764
765,3.8440001195302025,2.8341523251890566,2.0902683429946345,1.2439992117860588,2.503104999874988,765
766,3.8351600713421945,2.853238711061852,2.1100160564214514,1.2466250536827097,2.5112599731270517,766
767,3.8357129088598754,2.8493647521036296,2.0544844108010345,1.2667797001465062,2.501585442977761,767
768,3.8364097058163473,2.8768987376626023,2.0698580049208606,1.267999194935047,2.512791410833714,768
769,3.8715679028607606,2.8827769472134674,2.038407646150517,1.2602716618881515,2.513256039528224,769
770,3.871667949614161,2.8476927371761076,2.0617218576969547,1.262229621878713,2.510828041591484,770
771,3.9083241443859333,2.8466563504445217,2.0498602382372355,1.2439858945491322,2.5122066569042056,771
772,3.893584231209613,2.841647272117338,2.006243622044203,1.2419522452263592,2.495856842649378,772
773,3.844170905690832,2.7977837322719683,2.0173323648290924,1.2418326780167352,2.475279920202157,773
774,3.842835836585408,2.795069951875846,2.031242107232095,1.2208942980164357,2.4725105484274463,774
775,3.6663050495633844,2.7987052072927496,2.031684901075387,1.2398002992657362,2.4341238642993144,775
776,3.72034963779926,2.8010524132222567,2.020333724035224,1.210623469655346,2.438089811178022,776
777,3.570586104988146,2.79669518891127,2.024826808508032,1.223048368256507,2.4037891176659887,777
778,3.5453044905917817,2.772231311898288,2.0797495073386107,1.2317270799692694,2.407253097449488,778
779,3.5597392914493238,2.68394306575887,2.0807084220074565,1.2584471408077194,2.3957094800058423,779
780,3.5413018319178984,2.7038663037615254,2.0805757798540783,1.2508885873770628,2.394158125727641,780
781,3.507658520116504,2.6816306814523987,2.1162909634842184,1.2473525888805332,2.3882331884834134,781
782,3.4489952613327968,2.611872303775487,2.109868293758527,1.2476946229979664,2.3546076204661945,782
783,3.4913067226489907,2.4424139943205505,2.069673861538874,1.2693377841247864,2.3181830906583003,783
784,3.4802397999974937,2.4055152546079266,2.0714203217743425,1.314602001667428,2.3179443445117975,784
785,3.481236338251472,2.4061201986441283,2.084179268747957,1.3316222910786741,2.325789524180558,785
786,3.509377987656532,2.386036577802424,2.1195361227138214,1.3236967329146148,2.334661855271848,786
787,3.4214453684379125,2.3742093963771924,2.113902548182526,1.3234153926546304,2.3082431764130655,787
788,3.421500967002585,2.3660959976205187,2.0719811619314528,1.34292178267492,2.3006249773073693,788
789,3.4166226983302384,2.1758543359285025,2.072809681143084,1.340819136124772,2.251526462881649,789
790,3.3991292487210316,1.8889634883688675,2.1030272852720984,1.3522507818231193,2.1858427010462793,790
791,3.421728712903735,1.7542489518363311,2.103953982857849,1.3611899672882024,2.1602804037215293,791
792,3.410451919285307,1.7421669376157434,2.0815459963703864,1.3706355787774418,2.1512001080122194,792
793,3.411319017114604,1.7278366200801882,2.133858768604911,1.3905646238574492,2.165894757414288,793
794,3.4249272382174,1.8020923917970664,2.1339594079219504,1.3913835391311316,2.188090644266887,794
795,3.429376786024866,1.7830131103737856,2.1707648005506472,1.3914916995736522,2.1936615991307375,795
796,3.55374485040473,1.7697450074404628,2.199215115146454,1.3616147919601445,2.2210799412379476,796
797,3.5723537796630933,1.7733796082608189,2.1744529789965013,1.3605195912996697,2.220176489555021,797
798,3.4716044401337003,1.6878693036198391,2.204904912047204,1.3650589277004317,2.182359395875294,798
799,3.348030037557628,1.6734621275989714,2.271716474196415,1.369051000990076,2.165564910085773,799
800,4.241868317333421,1.6539461830866131,2.3161392424722425,1.3737557494802202,2.3964273730931245,800
801,4.2938169210405945,1.6540685770636292,2.3206716126591265,1.404426179130872,2.4182458224735557,801
802,4.474831428015957,1.6667348750676036,2.3151575847314767,1.4084430048986107,2.4662917231784123,802
803,4.5016538077346056,1.6274766029336525,2.334053478674045,1.4276396947871477,2.472705896032363,803
804,4.8600337768914015,1.619225019440952,2.3229529884651714,1.4279819195245826,2.557548426080527,804
805,4.854732040243594,1.6233328886124057,2.289156149439493,1.4202057224128173,2.546856700177077,805
806,5.0136629734301446,1.6136397382947794,2.2997012933065393,1.4094792192734646,2.584120806076232,806
807,5.0184746595302725,1.5600585855895241,2.2890154222645323,1.4366187036482132,2.5760418427581353,807
808,5.010938776104311,1.5488582232506332,2.304382120359478,1.43696882030983,2.5752869850060627,808
809,5.01415521301002,1.5299775570034535,2.3070201059112505,1.4408525182302272,2.573001348538738,809
810,5.669976539767278,1.5262199832786376,2.307984182623968,1.4297368142316351,2.7334793799753796,810
811,5.956848218760585,1.5246940370054696,2.307859418482922,1.4302625420639978,2.8049160540782436,811
812,6.0676402994987715,1.5154949969705018,2.305426130788905,1.4122107132914332,2.825193035137403,812
813,6.132043143541046,1.488060578981424,2.3334158181848865,1.419975510702023,2.8433737628523454,813
814,6.228017932149585,1.5129855125612806,2.356804846456635,1.2994193189649177,2.8493069025331046,814
815,6.360280788717708,1.4979432469638554,2.291590796476658,1.1615649506036652,2.827844945690472,815
816,6.459248791671064,1.4420808297540906,2.2882265658433605,1.228752363909508,2.8545771377945055,816
817,6.484524286733119,1.4502536718368182,2.306946289919561,1.213044797858155,2.8636922615869134,817
818,6.456551617638966,1.4154865983628913,2.294707508374505,1.2867933931728557,2.8633847793873044,818
819,6.4419071611132255,1.4108630852069737,2.2775887920798907,1.29746476557824,2.8569559509945828,819
820,6.666665395505831,1.4117643751581317,2.246857804747577,1.291450426227257,2.9041845004096993,820
821,6.635324960396921,1.4127880768913894,2.2660359716252088,1.3047727821237172,2.904730447759309,821
822,6.699737916855499,1.3850009258738922,2.2744558696797728,1.3102000378790777,2.9173486875720607,822
823,6.883729685276317,1.386092290048637,2.2648015035794837,1.3156377955917882,2.9625653186240566,823
824,6.8851321089010895,1.399776448849497,2.260032322117372,1.4096579964863294,2.988649719088572,824
825,6.8716720798544095,1.3893009821988629,2.2528539276382697,1.3952390697582369,2.977266514862445,825
826,6.9587602473977626,1.4497075273207098,2.249599985775085,1.392380158316874,3.0126119797026076,826
827,6.958525264169992,1.4794584019204209,2.251800866570019,1.3838191642055868,3.018400924216505,827
828,7.170862142413678,1.488516616026164,2.1906164482528503,1.3699137748360075,3.054977245382175,828
829,7.207399743534678,1.47362514397697,2.1983196522041824,1.3547693334968307,3.058528468303165,829
830,7.244336599613607,1.4352612498703496,2.208967999155172,1.3574913313494503,3.061514294997145,830
831,7.218470101956888,1.4345324125665817,2.1654117559601795,1.3538412587383488,3.0430638823055,831
832,7.358000447425186,1.4219228454688693,2.1803311376208274,1.3638084780877977,3.08101572715067,832
833,7.3213270485507325,1.4221576526475128,2.1536511074927764,1.3703500924708492,3.0668714752904678,833
834,7.550587329939717,1.4381755655168935,2.1492158967349977,1.334207564107634,3.1180465890748104,834
835,7.550612413307091,1.429778668737273,2.1453375314658567,1.3409674141453969,3.116674006913904,835
836,7.540297679879362,1.4249809544160352,2.0776805140003987,1.3370108500102258,3.0949924995765055,836
837,7.60652424559471,1.424693607719726,2.1578707049698957,1.3469729676866775,3.1340153814927527,837
838,7.929719499327321,1.4214933336782207,2.1491088517930903,1.3345279853996272,3.208712417549565,838
839,7.935445799294901,1.4152780753113614,2.1472697792383317,1.3347279663279819,3.2081804050431444,839
840,8.123426017712571,1.4145609475399754,2.1733597806084872,1.3489240170274759,3.2650676907221277,840
841,8.127402831082161,1.4149964474469403,2.1601584362223045,1.344376871063026,3.2617336464536084,841
842,8.129205355216111,1.3677249730993322,2.138893770331208,1.344335152094987,3.2450398126854094,842
843,8.161693294292851,1.3626304091052153,2.1161632964098382,1.3344805420308654,3.2437418854596927,843
844,8.160987866068595,1.2637557084603026,2.111956663930549,1.340145134447237,3.2192113432266707,844
845,8.246045263655766,1.0841023766781752,2.1143316873731215,1.3375857742756896,3.195516275495688,845
846,8.282851061017574,1.0914553468176456,2.110322958625457,1.3589528591875424,3.210895556412055,846
847,8.277023142104902,1.0890108482329164,2.1089342469816152,1.348822083137282,3.205947580114179,847
848,8.355139928726333,1.088352491304288,2.0613416429672693,1.3487737320443651,3.2134019487605636,848
849,8.392546485544333,1.0945120619198887,2.0141975069755405,1.3720308127945655,3.218321716808582,849
850,8.232142179316599,1.1059728918172644,1.971236662712724,1.3778379509906509,3.1717974212093094,850
851,8.294738303322804,1.1086863189035787,2.0421744874958456,1.3435977162711827,3.1972992064983528,851
852,8.969730312408155,1.098051486096821,2.0289359598358647,1.3381724598581641,3.358722554549751,852
853,8.969004562796814,1.0990869263232246,2.0210764698367107,1.3371016738535622,3.3565674082025776,853
854,8.761355265705372,1.0513623526762956,2.022499177016741,1.3353875566983853,3.292651088024199,854
855,8.783541408760357,1.040595043933784,2.0634823013328925,1.3500464877630478,3.3094163104475207,855
856,8.722397416415374,1.03607999884544,2.0535294347506032,1.3577722693641336,3.2924447798438874,856
857,8.888950116029182,1.0392601126628571,2.035455459979433,1.3316319383535216,3.3238244067562484,857
858,9.300259826137882,1.035594765279196,2.0285321629729745,1.3409510791430443,3.426334458383274,858
859,9.339829274074683,1.0107552875561938,2.023445463912044,1.3380128779440368,3.428010725871739,859
860,8.98305244927741,1.0083255761615553,2.023524916077412,1.3365494735242438,3.337863103760155,860
861,8.80884575165673,1.0010808367886417,2.022795805757267,1.4439485093720683,3.319167725893677,861
862,8.726899062328844,1.0139783746215172,2.005697322798246,1.4523711774199757,3.2997364842921457,862
863,8.671196457366229,1.0030253120981367,1.9790690296762388,1.4755976541077709,3.282222113312094,863
864,8.632809208509967,0.9717826637549656,1.9739240598030483,1.4818474604230552,3.2650908481227585,864
865,8.606999659315775,0.96237409569095,1.9738736841634985,1.4779182441333258,3.2552914208258876,865
866,8.534236344722158,0.9633280028620022,1.9680466333845863,1.5115755580018126,3.24429663474264,866
867,8.527314741641604,0.96185089068639,1.958188909266792,1.5517455583684967,3.2497750249908206,867
868,8.550165776210783,0.975169151449295,1.962250779081988,1.5269314667416372,3.2536292933709254,868
869,8.615423909336434,0.9773623570990492,1.9838208732922569,1.5193141336610096,3.2739803183471867,869
870,8.448875029276543,0.9727107445505516,1.9943112718486884,1.5198957919614344,3.233948209409305,870
871,8.459447889017023,0.9766499600901242,1.9804757499416343,1.5245171135711717,3.2352726781549883,871
872,8.446459810756789,0.9764607197754206,1.9762563242758169,1.5811187599761516,3.2450739036960443,872
873,8.30151528355704,0.9764668925034596,1.975163567467369,1.570826332196176,3.2059930189310113,873
874,8.315609520871602,0.9602188883044968,1.987857951490776,1.4796443999272266,3.185832690148525,874
875,8.407430628466786,0.9587523476824372,1.9904899859889689,1.4918762148930436,3.212137294257809,875
876,8.383786043392128,0.8656387363076099,1.995552063003205,1.47101317016041,3.1789975032158377,876
877,8.38470576389032,0.8157812101948502,2.039987573402544,1.4708390803130789,3.1778284069501983,877
878,8.193397586351574,0.7962412983674395,2.0076579815893343,1.4761442511530964,3.118360279365361,878
879,8.124043097578683,0.7982893002650712,1.9943325339017184,1.4759551056203524,3.0981550093414563,879
880,8.115853843705306,0.7952136813776072,2.026797991230945,1.4812946603277024,3.10479004416039,880
881,8.14695175875984,0.8003086893430693,2.0245568073386453,1.5730866472055471,3.1362259756617754,881
882,8.05659124354213,0.7581805836539653,1.998048978842716,1.5822046326469,3.0987563596714276,882
883,8.05656452261102,0.7568890443383974,1.9982483135388447,1.5401131939668875,3.087953768613787,883
884,7.904632161394836,0.7152462562225737,2.0075615484942557,1.606915820739925,3.0585889467128973,884
885,7.9023975323619995,0.7162366387647766,2.0662609258150035,1.5997567615785255,3.0711629646300764,885
886,7.889171853633054,0.7081569827401446,2.0993806945952143,1.5985554064142795,3.073816234345673,886
887,7.844185934599258,0.7405372125047472,2.0383224377209532,1.6248652890614277,3.0619777184715966,887
888,7.4719926473493725,0.7654173135079126,1.9676707770811876,1.642637373284992,2.961929527805866,888
889,7.469532469721637,0.7878232875872192,1.9682557851891287,1.7446977540396678,2.9925773241344134,889
890,7.214524789060986,0.8219102195252362,1.9425021669729416,1.732893443495557,2.9279576547636803,890
891,7.220728904282877,0.8294848095819873,1.9437300547013519,1.7396868266235581,2.9334076487974436,891
892,7.221830088296533,0.8591241092915322,2.01960150354807,1.7394712046674419,2.9600067264508945,892
893,7.2060425983010985,0.8590193903866026,2.019971672597332,1.7848025074724183,2.967459042189363,893
894,7.198571266832242,0.8867824942909059,2.0815718473831426,1.7823762849110172,2.9873254733543266,894
895,7.0458852291430745,0.8592356735118053,2.0610781311791984,1.7819592279626923,2.9370395654491928,895
896,6.885712265302713,0.855627409234393,2.0346506415623256,1.7776642958708653,2.888413652992574,896
897,6.890781226075817,0.8946799616699118,2.0308843609340346,1.812083512399548,2.9071072652698278,897
898,6.7266475410121105,0.8944079098155102,2.0317834897534124,1.8111300433417992,2.865992245980708,898
899,6.66309743081662,0.907793184822261,2.0059158778889867,1.7986707542082447,2.8438693119340286,899
900,6.400800219444449,0.8920674725190852,2.1036754819405736,1.7813740627955057,2.794479309174903,900
901,6.207406297199322,0.8908507737688495,1.995719162365076,1.7987241477711697,2.7231750952761042,901
902,5.267400965993752,0.94487156193633,2.010974827977106,1.8022122685503918,2.506364906114395,902
903,5.267869693501451,0.9273358488159634,1.9931131864221396,1.7978106074611255,2.49653233405017,903
904,5.271776879452903,0.92779588251588,2.0894839775374203,1.7957487942303894,2.5212013834341485,904
905,5.27120220109442,0.9255822221506718,2.0713638759491917,1.790362875144366,2.5146277935846624,905
906,5.278247655975336,0.9356885523060048,2.07515550270007,1.781419946750692,2.517627914433026,906
907,4.831703072751206,0.9432480693946972,2.0794424357099026,1.7964340822033782,2.412706915014796,907
908,4.1287274679235235,0.9434124612236379,2.0740134357489284,1.9742631499225267,2.280104128704654,908
909,4.081454908886487,0.9344264002165787,2.1415703637282713,1.9827187103821864,2.2850425958033806,909
910,4.115999284446823,0.936996195097058,2.139783140495985,2.151564411536409,2.336085757894069,910
911,4.452157344035652,0.9473344019041098,2.1414730139227967,2.096562124827201,2.4093817211724398,911
912,4.452720361551144,0.9302657475229972,2.1322740741280763,2.113362350501168,2.4071556334258464,912
913,4.4574948127997,0.9415235406381578,2.134668776054028,2.1267304704807573,2.4151043999931607,913
914,4.429060975509535,0.9324639151259388,2.1669474038835808,2.1344642492208994,2.4157341359349886,914
915,4.323240349087212,0.936798520403566,2.188020160916924,2.248170729830985,2.4240574400596717,915
916,4.340063185707984,0.9018425200091796,2.179788733567855,2.2404330786040703,2.4155318794722724,916
917,4.383529040043894,0.8937039899070265,2.1664248971904105,2.345589486223441,2.447311853341193,917
918,4.351437333492121,0.8836532214565924,2.1627321208968344,2.3526851554644983,2.4376269578275114,918
919,4.140363809676379,0.8830578324491999,2.133615482126431,2.3568775375558952,2.3784786654519765,919
920,4.143128444224998,0.8840555404408593,2.1263997591105723,2.4379821766342182,2.397891480102662,920
921,4.139764948662173,0.8806845752586989,2.1199530353937,2.443608376613427,2.396002733982,921
922,4.082589775102073,0.8980259077359775,2.1193455501893617,2.405714877013766,2.3764190275102948,922
923,4.024278727352742,0.8953637975569324,2.121668180632743,2.4346446241218263,2.368988832416061,923
924,3.978172004629748,0.8963199330024516,2.1139982132209334,2.5184584258152967,2.3767371441671075,924
925,3.7796935867689783,0.8970566675773105,2.219738105456684,2.5254892878771003,2.3554944119200183,925
926,3.706056468600479,0.8930615543837911,2.216521434589414,2.558473266861252,2.3435281811087343,926
927,3.7001660093577855,0.9490490496862596,2.2345808001284797,2.5616786542560424,2.3613686283571416,927
928,3.6470944159688377,0.9485356717793226,2.2423772150633563,2.624205049441315,2.365553088063208,928
929,3.6305191300036985,0.95289777549934,2.2600515343817453,2.6208273327765874,2.366073943165343,929
930,3.6156703035192552,0.9574784823087258,2.3213505711952984,2.6351464324739133,2.3824114473742983,930
931,3.5062007540393565,0.9518292742846316,2.3212885569316413,2.573402534911542,2.338180280041793,931
932,3.579916604408796,0.9696665177986452,2.376423330376714,2.795516456033929,2.430380727154521,932
933,3.591181987459996,1.0097154596326592,2.3915702624170363,2.7936433058239167,2.446527753833402,933
934,3.4956631909203213,1.0088449823402164,2.379848240369544,2.8502306566848032,2.433646767578721,934
935,3.4963989153000243,1.0086681158445203,2.324440754584691,2.9374951204107487,2.441750726534996,935
936,3.4957700529509648,1.0045210702570295,2.315481870954418,2.9525617479421102,2.4420836855261303,936
937,3.543602593238856,0.9767919225562848,2.316739588033301,2.9837019298376046,2.4552090084165115,937
938,3.5743871686146207,0.9671722768373628,2.2993764105350625,3.09498609876678,2.4839804886884567,938
939,3.5791272652084487,0.9551935990824614,2.3368765706133505,3.0817563659778577,2.4882384502205297,939
940,3.6783060164104473,0.9373462436029084,2.3964985546068127,3.0873857539013136,2.5248841421303707,940
941,3.6724866123694233,0.9404569061676694,2.4147272065009697,3.0876661205437164,2.5288342113954445,941
942,3.9118581349749872,0.9060339231278436,2.357629742351361,3.087150560824854,2.5656680903197615,942
943,3.9172449289862943,0.9233899830469976,2.348822542276538,3.0561047198778155,2.5613905435469113,943
944,3.9310819134264334,0.8975194476566503,2.2994477345716686,3.0738075231458737,2.5504641547001565,944
945,3.923055629466748,0.9296527097319868,2.2919054184141023,3.1228184532537884,2.5668580527166562,945
946,4.481898059763847,0.9707421677076582,2.3187678369470697,3.240615035208548,2.7530057749067804,946
947,4.534411697859582,0.9532477773147496,2.3416403897813747,3.238137972322748,2.7668594593196136,947
948,4.585660710942651,0.959327515317186,2.3402028518091766,3.236460653109495,2.7804129327946274,948
949,4.5743844650239724,0.9481714991362756,2.3425322853775614,3.2346330732104547,2.774930330687066,949
950,4.564917114342365,0.9619991211344414,2.2422929772416844,3.241531748758048,2.752685240369135,950
951,4.66722403335548,0.97593518179088,2.249069322914314,3.2491933747286885,2.785355478197341,951
952,4.544824711938559,0.9592335270608636,2.254973103766288,3.281093576391422,2.7600312297892833,952
953,4.549623574647333,0.9587672513502772,2.28218553102189,3.273980045556652,2.766139100644038,953
954,4.643427254396716,0.9537503225717648,2.219556880064933,3.300594915521577,2.7793323431387478,954
955,4.6427487676690475,0.9547524380961048,2.2281868180656277,3.2997660044486845,2.781363507069866,955
956,4.623941549973339,0.9732163400773426,2.2170661551189617,3.344065110901977,2.7895722890179053,956
