Date,Price,Open,High,Low,Change %
"Jan 15, 1985",301.8,301.8,301.8,301.8,0.94%
"Jan 14, 1985",299,299,299,299,-1.71%
"Jan 11, 1985",304.2,304.2,304.2,304.2,0.13%
"Jan 10, 1985",303.8,303.8,303.8,303.8,1.10%
"Jan 09, 1985",300.5,300.5,300.5,300.5,-0.50%
"Jan 08, 1985",302,302,302,302,1.27%
"Jan 07, 1985",298.2,298.2,298.2,298.2,-1.62%
"Jan 04, 1985",303.1,303.1,303.1,303.1,0.26%
"Jan 03, 1985",302.3,302.3,302.3,302.3,-1.05%
"Jan 02, 1985",305.5,305.5,305.5,305.5,-0.91%
"Dec 31, 1984",308.3,308.3,308.3,308.3,0.00%
"Dec 28, 1984",308.3,308.3,308.3,308.3,-0.29%
"Dec 27, 1984",309.2,309.2,309.2,309.2,-1.09%
"Dec 26, 1984",312.6,312.6,312.6,312.6,0.51%
"Dec 21, 1984",311,311,311,311,1.14%
"Dec 20, 1984",307.5,307.5,307.5,307.5,-0.58%
"Dec 19, 1984",309.3,309.3,309.3,309.3,0.10%
"Dec 18, 1984",309,309,309,309,-1.90%
"Dec 17, 1984",315,315,315,315,-2.33%
"Dec 14, 1984",322.5,322.5,322.5,322.5,-0.52%
"Dec 13, 1984",324.2,324.2,324.2,324.2,-0.09%
"Dec 12, 1984",324.5,324.5,324.5,324.5,-0.67%
"Dec 11, 1984",326.7,326.7,326.7,326.7,0.15%
"Dec 10, 1984",326.2,326.2,326.2,326.2,-0.24%
"Dec 07, 1984",327,327,327,327,-1.12%
"Dec 06, 1984",330.7,330.7,330.7,330.7,0.24%
"Dec 05, 1984",329.9,329.9,329.9,329.9,-0.63%
"Dec 04, 1984",332,332,332,332,0.76%
"Dec 03, 1984",329.5,329.5,329.5,329.5,0.15%
"Nov 30, 1984",329,329,329,329,-0.48%
"Nov 29, 1984",330.6,330.6,330.6,330.6,0.49%
"Nov 28, 1984",329,329,329,329,-1.17%
"Nov 27, 1984",332.9,332.9,332.9,332.9,-1.19%
"Nov 26, 1984",336.9,336.9,336.9,336.9,-1.00%
"Nov 23, 1984",340.3,340.3,340.3,340.3,0.00%
"Nov 21, 1984",340.3,340.3,340.3,340.3,-0.67%
"Nov 20, 1984",342.6,342.6,342.6,342.6,-0.23%
"Nov 19, 1984",343.4,343.4,343.4,343.4,-0.46%
"Nov 16, 1984",345,345,345,345,0.38%
"Nov 15, 1984",343.7,343.7,343.7,343.7,-0.61%
"Nov 14, 1984",345.8,345.8,345.8,345.8,-1.31%
"Nov 13, 1984",350.4,350.4,350.4,350.4,1.36%
"Nov 12, 1984",345.7,345.7,345.7,345.7,-0.32%
"Nov 09, 1984",346.8,346.8,346.8,346.8,-0.09%
"Nov 08, 1984",347.1,347.1,347.1,347.1,-0.14%
"Nov 07, 1984",347.6,347.6,347.6,347.6,1.52%
"Nov 06, 1984",342.4,342.4,342.4,342.4,0.00%
"Nov 05, 1984",342.4,342.4,342.4,342.4,-0.20%
"Nov 02, 1984",343.1,343.1,343.1,343.1,2.79%
"Nov 01, 1984",333.8,333.8,333.8,333.8,0.09%
"Oct 31, 1984",333.5,333.5,333.5,333.5,-0.60%
"Oct 30, 1984",335.5,335.5,335.5,335.5,-0.21%
"Oct 29, 1984",336.2,336.2,336.2,336.2,-0.41%
"Oct 26, 1984",337.6,337.6,337.6,337.6,-0.27%
"Oct 25, 1984",338.5,338.5,338.5,338.5,-0.44%
"Oct 24, 1984",340,340,340,340,0.00%
"Oct 23, 1984",340,340,340,340,0.47%
"Oct 22, 1984",338.4,338.4,338.4,338.4,-0.32%
"Oct 19, 1984",339.5,339.5,339.5,339.5,0.00%
"Oct 18, 1984",339.5,339.5,339.5,339.5,-0.29%
"Oct 17, 1984",340.5,340.5,340.5,340.5,0.29%
"Oct 16, 1984",339.5,339.5,339.5,339.5,0.27%
"Oct 15, 1984",338.6,338.6,338.6,338.6,-0.09%
"Oct 12, 1984",338.9,338.9,338.9,338.9,0.24%
"Oct 11, 1984",338.1,338.1,338.1,338.1,0.12%
"Oct 10, 1984",337.7,337.7,337.7,337.7,-0.97%
"Oct 09, 1984",341,341,341,341,-0.81%
"Oct 08, 1984",343.8,343.8,343.8,343.8,0.00%
"Oct 05, 1984",343.8,343.8,343.8,343.8,-0.69%
"Oct 04, 1984",346.2,346.2,346.2,346.2,-0.66%
"Oct 03, 1984",348.5,348.5,348.5,348.5,0.96%
"Oct 02, 1984",345.2,345.2,345.2,345.2,-0.06%
"Oct 01, 1984",345.4,345.4,345.4,345.4,0.49%
"Sep 28, 1984",343.7,343.7,343.7,343.7,-0.43%
"Sep 27, 1984",345.2,345.2,345.2,345.2,-0.26%
"Sep 26, 1984",346.1,346.1,346.1,346.1,0.32%
"Sep 25, 1984",345,345,345,345,-0.78%
"Sep 24, 1984",347.7,347.7,347.7,347.7,1.22%
"Sep 21, 1984",343.5,343.5,343.5,343.5,1.42%
"Sep 20, 1984",338.7,338.7,338.7,338.7,-0.38%
"Sep 19, 1984",340,340,340,340,0.98%
"Sep 18, 1984",336.7,336.7,336.7,336.7,0.45%
"Sep 17, 1984",335.2,335.2,335.2,335.2,-1.82%
"Sep 14, 1984",341.4,341.4,341.4,341.4,1.37%
"Sep 13, 1984",336.8,336.8,336.8,336.8,-0.50%
"Sep 12, 1984",338.5,338.5,338.5,338.5,-0.53%
"Sep 11, 1984",340.3,340.3,340.3,340.3,0.56%
"Sep 10, 1984",338.4,338.4,338.4,338.4,-0.38%
"Sep 07, 1984",339.7,339.7,339.7,339.7,-0.23%
"Sep 06, 1984",340.5,340.5,340.5,340.5,0.68%
"Sep 05, 1984",338.2,338.2,338.2,338.2,-0.88%
"Sep 04, 1984",341.2,341.2,341.2,341.2,-2.01%
"Aug 31, 1984",348.2,348.2,348.2,348.2,0.29%
"Aug 30, 1984",347.2,347.2,347.2,347.2,-0.94%
"Aug 29, 1984",350.5,350.5,350.5,350.5,0.23%
"Aug 28, 1984",349.7,349.7,349.7,349.7,0.49%
"Aug 27, 1984",348,348,348,348,-0.57%
"Aug 24, 1984",350,350,350,350,-0.34%
"Aug 23, 1984",351.2,351.2,351.2,351.2,1.80%
"Aug 22, 1984",345,345,345,345,-0.29%
"Aug 21, 1984",346,346,346,346,-0.94%
"Aug 20, 1984",349.3,349.3,349.3,349.3,-0.77%
"Aug 17, 1984",352,352,352,352,-0.06%
"Aug 16, 1984",352.2,352.2,352.2,352.2,0.37%
"Aug 15, 1984",350.9,350.9,350.9,350.9,-0.88%
"Aug 14, 1984",354,354,354,354,3.06%
"Aug 13, 1984",343.5,343.5,343.5,343.5,-0.92%
"Aug 10, 1984",346.7,346.7,346.7,346.7,0.73%
"Aug 09, 1984",344.2,344.2,344.2,344.2,-0.09%
"Aug 08, 1984",344.5,344.5,344.5,344.5,0.73%
"Aug 07, 1984",342,342,342,342,-2.06%
"Aug 06, 1984",349.2,349.2,349.2,349.2,0.00%
"Aug 03, 1984",349.2,349.2,349.2,349.2,1.51%
"Aug 02, 1984",344,344,344,344,1.47%
"Aug 01, 1984",339,339,339,339,-0.96%
"Jul 31, 1984",342.3,342.3,342.3,342.3,1.12%
"Jul 30, 1984",338.5,338.5,338.5,338.5,0.98%
"Jul 27, 1984",335.2,335.2,335.2,335.2,-2.61%
"Jul 26, 1984",344.2,344.2,344.2,344.2,0.73%
"Jul 25, 1984",341.7,341.7,341.7,341.7,0.95%
"Jul 24, 1984",338.5,338.5,338.5,338.5,1.04%
"Jul 23, 1984",335,335,335,335,-2.05%
"Jul 20, 1984",342,342,342,342,-2.34%
"Jul 19, 1984",350.2,350.2,350.2,350.2,1.30%
"Jul 18, 1984",345.7,345.7,345.7,345.7,-0.40%
"Jul 17, 1984",347.1,347.1,347.1,347.1,-0.86%
"Jul 16, 1984",350.1,350.1,350.1,350.1,1.48%
"Jul 13, 1984",345,345,345,345,1.14%
"Jul 12, 1984",341.1,341.1,341.1,341.1,0.56%
"Jul 11, 1984",339.2,339.2,339.2,339.2,-1.45%
"Jul 10, 1984",344.2,344.2,344.2,344.2,1.68%
"Jul 09, 1984",338.5,338.5,338.5,338.5,-4.16%
"Jul 06, 1984",353.2,353.2,353.2,353.2,-3.18%
"Jul 05, 1984",364.8,364.8,364.8,364.8,-0.95%
"Jul 03, 1984",368.3,368.3,368.3,368.3,-0.46%
"Jul 02, 1984",370,370,370,370,-0.80%
"Jun 29, 1984",373,373,373,373,0.03%
"Jun 28, 1984",372.9,372.9,372.9,372.9,1.00%
"Jun 27, 1984",369.2,369.2,369.2,369.2,-0.08%
"Jun 26, 1984",369.5,369.5,369.5,369.5,0.08%
"Jun 25, 1984",369.2,369.2,369.2,369.2,-1.34%
"Jun 22, 1984",374.2,374.2,374.2,374.2,0.94%
"Jun 21, 1984",370.7,370.7,370.7,370.7,0.19%
"Jun 20, 1984",370,370,370,370,-0.16%
"Jun 19, 1984",370.6,370.6,370.6,370.6,0.73%
"Jun 18, 1984",367.9,367.9,367.9,367.9,-0.03%
"Jun 15, 1984",368,368,368,368,-2.02%
"Jun 14, 1984",375.6,375.6,375.6,375.6,0.43%
"Jun 13, 1984",374,374,374,374,-0.27%
"Jun 12, 1984",375,375,375,375,-1.96%
"Jun 11, 1984",382.5,382.5,382.5,382.5,-0.91%
"Jun 08, 1984",386,386,386,386,-1.58%
"Jun 07, 1984",392.2,392.2,392.2,392.2,0.15%
"Jun 06, 1984",391.6,391.6,391.6,391.6,-0.53%
"Jun 05, 1984",393.7,393.7,393.7,393.7,0.69%
"Jun 04, 1984",391,391,391,391,-0.69%
"Jun 01, 1984",393.7,393.7,393.7,393.7,2.47%
"May 31, 1984",384.2,384.2,384.2,384.2,-0.57%
"May 30, 1984",386.4,386.4,386.4,386.4,0.21%
"May 29, 1984",385.6,385.6,385.6,385.6,0.36%
"May 25, 1984",384.2,384.2,384.2,384.2,2.29%
"May 24, 1984",375.6,375.6,375.6,375.6,-0.77%
"May 23, 1984",378.5,378.5,378.5,378.5,-0.26%
"May 22, 1984",379.5,379.5,379.5,379.5,-0.32%
"May 21, 1984",380.7,380.7,380.7,380.7,1.36%
"May 18, 1984",375.6,375.6,375.6,375.6,-0.24%
"May 17, 1984",376.5,376.5,376.5,376.5,0.35%
"May 16, 1984",375.2,375.2,375.2,375.2,0.54%
"May 15, 1984",373.2,373.2,373.2,373.2,0.19%
"May 14, 1984",372.5,372.5,372.5,372.5,0.00%
"May 11, 1984",372.5,372.5,372.5,372.5,0.22%
"May 10, 1984",371.7,371.7,371.7,371.7,-0.24%
"May 09, 1984",372.6,372.6,372.6,372.6,0.30%
"May 08, 1984",371.5,371.5,371.5,371.5,-0.80%
"May 07, 1984",374.5,374.5,374.5,374.5,-0.58%
"May 04, 1984",376.7,376.7,376.7,376.7,-0.48%
"May 03, 1984",378.5,378.5,378.5,378.5,0.32%
"May 02, 1984",377.3,377.3,377.3,377.3,0.21%
"May 01, 1984",376.5,376.5,376.5,376.5,0.19%
"Apr 30, 1984",375.8,375.8,375.8,375.8,-0.90%
"Apr 27, 1984",379.2,379.2,379.2,379.2,-0.18%
"Apr 26, 1984",379.9,379.9,379.9,379.9,-0.63%
"Apr 25, 1984",382.3,382.3,382.3,382.3,-0.23%
"Apr 24, 1984",383.2,383.2,383.2,383.2,-1.03%
"Apr 23, 1984",387.2,387.2,387.2,387.2,0.60%
"Apr 19, 1984",384.9,384.9,384.9,384.9,1.16%
"Apr 18, 1984",380.5,380.5,380.5,380.5,0.08%
"Apr 17, 1984",380.2,380.2,380.2,380.2,0.03%
"Apr 16, 1984",380.1,380.1,380.1,380.1,0.24%
"Apr 13, 1984",379.2,379.2,379.2,379.2,-0.71%
"Apr 12, 1984",381.9,381.9,381.9,381.9,-0.68%
"Apr 11, 1984",384.5,384.5,384.5,384.5,0.84%
"Apr 10, 1984",381.3,381.3,381.3,381.3,-0.29%
"Apr 09, 1984",382.4,382.4,382.4,382.4,0.58%
"Apr 06, 1984",380.2,380.2,380.2,380.2,-0.26%
"Apr 05, 1984",381.2,381.2,381.2,381.2,0.00%
"Apr 04, 1984",381.2,381.2,381.2,381.2,0.21%
"Apr 03, 1984",380.4,380.4,380.4,380.4,-1.76%
"Apr 02, 1984",387.2,387.2,387.2,387.2,-0.33%
"Mar 30, 1984",388.5,388.5,388.5,388.5,-0.44%
"Mar 29, 1984",390.2,390.2,390.2,390.2,1.17%
"Mar 28, 1984",385.7,385.7,385.7,385.7,-0.80%
"Mar 27, 1984",388.8,388.8,388.8,388.8,0.36%
"Mar 26, 1984",387.4,387.4,387.4,387.4,-0.13%
"Mar 23, 1984",387.9,387.9,387.9,387.9,-0.36%
"Mar 22, 1984",389.3,389.3,389.3,389.3,-0.76%
"Mar 21, 1984",392.3,392.3,392.3,392.3,-0.38%
"Mar 20, 1984",393.8,393.8,393.8,393.8,0.05%
"Mar 19, 1984",393.6,393.6,393.6,393.6,0.23%
"Mar 16, 1984",392.7,392.7,392.7,392.7,-0.46%
"Mar 15, 1984",394.5,394.5,394.5,394.5,-1.30%
"Mar 14, 1984",399.7,399.7,399.7,399.7,0.63%
"Mar 13, 1984",397.2,397.2,397.2,397.2,0.38%
"Mar 12, 1984",395.7,395.7,395.7,395.7,-1.05%
"Mar 09, 1984",399.9,399.9,399.9,399.9,0.68%
"Mar 08, 1984",397.2,397.2,397.2,397.2,-0.38%
"Mar 07, 1984",398.7,398.7,398.7,398.7,-0.94%
"Mar 06, 1984",402.5,402.5,402.5,402.5,-0.81%
"Mar 05, 1984",405.8,405.8,405.8,405.8,1.70%
"Mar 02, 1984",399,399,399,399,1.60%
"Mar 01, 1984",392.7,392.7,392.7,392.7,-0.38%
"Feb 29, 1984",394.2,394.2,394.2,394.2,-1.25%
"Feb 28, 1984",399.2,399.2,399.2,399.2,1.45%
"Feb 27, 1984",393.5,393.5,393.5,393.5,-0.56%
"Feb 24, 1984",395.7,395.7,395.7,395.7,-0.63%
"Feb 23, 1984",398.2,398.2,398.2,398.2,0.76%
"Feb 22, 1984",395.2,395.2,395.2,395.2,1.59%
"Feb 21, 1984",389,389,389,389,1.81%
"Feb 17, 1984",382.1,382.1,382.1,382.1,-0.47%
"Feb 16, 1984",383.9,383.9,383.9,383.9,0.23%
"Feb 15, 1984",383,383,383,383,1.86%
"Feb 14, 1984",376,376,376,376,-0.21%
"Feb 13, 1984",376.8,376.8,376.8,376.8,-0.21%
"Feb 10, 1984",377.6,377.6,377.6,377.6,-1.41%
"Feb 09, 1984",383,383,383,383,-0.83%
"Feb 08, 1984",386.2,386.2,386.2,386.2,1.71%
"Feb 07, 1984",379.7,379.7,379.7,379.7,-0.29%
"Feb 06, 1984",380.8,380.8,380.8,380.8,-0.60%
"Feb 03, 1984",383.1,383.1,383.1,383.1,-0.03%
"Feb 02, 1984",383.2,383.2,383.2,383.2,1.35%
"Feb 01, 1984",378.1,378.1,378.1,378.1,1.18%
"Jan 31, 1984",373.7,373.7,373.7,373.7,1.05%
"Jan 30, 1984",369.8,369.8,369.8,369.8,-0.05%
"Jan 27, 1984",370,370,370,370,0.82%
"Jan 26, 1984",367,367,367,367,0.14%
"Jan 25, 1984",366.5,366.5,366.5,366.5,0.38%
"Jan 24, 1984",365.1,365.1,365.1,365.1,-1.68%
"Jan 23, 1984",371.35,371.35,371.35,371.35,0.04%
"Jan 20, 1984",371.2,371.2,371.2,371.2,-0.93%
"Jan 19, 1984",374.7,374.7,374.7,374.7,1.63%
"Jan 18, 1984",368.7,368.7,368.7,368.7,0.27%
"Jan 17, 1984",367.7,367.7,367.7,367.7,-0.38%
"Jan 16, 1984",369.1,369.1,369.1,369.1,-1.10%
"Jan 13, 1984",373.2,373.2,373.2,373.2,1.28%
"Jan 12, 1984",368.5,368.5,368.5,368.5,0.22%
"Jan 11, 1984",367.7,367.7,367.7,367.7,-0.94%
"Jan 10, 1984",371.2,371.2,371.2,371.2,1.64%
"Jan 09, 1984",365.2,365.2,365.2,365.2,-2.67%
"Jan 06, 1984",375.2,375.2,375.2,375.2,0.00%
"Jan 05, 1984",375.2,375.2,375.2,375.2,0.32%
"Jan 04, 1984",374,374,374,374,-2.35%
"Jan 03, 1984",383,383,383,383,0.39%
"Dec 30, 1983",381.5,381.5,381.5,381.5,-0.24%
"Dec 29, 1983",382.4,382.4,382.4,382.4,1.16%
"Dec 28, 1983",378,378,378,378,0.08%
"Dec 27, 1983",377.7,377.7,377.7,377.7,-0.74%
"Dec 23, 1983",380.5,380.5,380.5,380.5,0.42%
"Dec 22, 1983",378.9,378.9,378.9,378.9,0.08%
"Dec 21, 1983",378.6,378.6,378.6,378.6,0.13%
"Dec 20, 1983",378.1,378.1,378.1,378.1,0.83%
"Dec 19, 1983",375,375,375,375,-0.58%
"Dec 16, 1983",377.2,377.2,377.2,377.2,-2.96%
"Dec 15, 1983",388.7,388.7,388.7,388.7,-0.08%
"Dec 14, 1983",389,389,389,389,-0.05%
"Dec 13, 1983",389.2,389.2,389.2,389.2,-0.51%
"Dec 12, 1983",391.2,391.2,391.2,391.2,0.64%
"Dec 09, 1983",388.7,388.7,388.7,388.7,-3.07%
"Dec 08, 1983",401,401,401,401,0.33%
"Dec 07, 1983",399.7,399.7,399.7,399.7,0.68%
"Dec 06, 1983",397,397,397,397,-0.05%
"Dec 05, 1983",397.2,397.2,397.2,397.2,-0.87%
"Dec 02, 1983",400.7,400.7,400.7,400.7,0.38%
"Dec 01, 1983",399.2,399.2,399.2,399.2,-1.43%
"Nov 30, 1983",405,405,405,405,3.45%
"Nov 29, 1983",391.5,391.5,391.5,391.5,-0.68%
"Nov 28, 1983",394.2,394.2,394.2,394.2,4.92%
"Nov 25, 1983",375.7,375.7,375.7,375.7,0.00%
"Nov 23, 1983",375.7,375.7,375.7,375.7,-0.21%
"Nov 22, 1983",376.5,376.5,376.5,376.5,0.61%
"Nov 21, 1983",374.2,374.2,374.2,374.2,-0.27%
"Nov 18, 1983",375.2,375.2,375.2,375.2,-0.13%
"Nov 17, 1983",375.7,375.7,375.7,375.7,-1.96%
"Nov 16, 1983",383.2,383.2,383.2,383.2,0.00%
"Nov 15, 1983",383.2,383.2,383.2,383.2,0.16%
"Nov 14, 1983",382.6,382.6,382.6,382.6,0.16%
"Nov 11, 1983",382,382,382,382,0.05%
"Nov 10, 1983",381.8,381.8,381.8,381.8,-0.31%
"Nov 09, 1983",383,383,383,383,0.21%
"Nov 08, 1983",382.2,382.2,382.2,382.2,0.84%
"Nov 07, 1983",379,379,379,379,-0.52%
"Nov 04, 1983",381,381,381,381,0.87%
"Nov 03, 1983",377.7,377.7,377.7,377.7,-1.38%
"Nov 02, 1983",383,383,383,383,1.40%
"Nov 01, 1983",377.7,377.7,377.7,377.7,-1.13%
"Oct 31, 1983",382,382,382,382,-1.47%
"Oct 28, 1983",387.7,387.7,387.7,387.7,0.83%
"Oct 27, 1983",384.5,384.5,384.5,384.5,-2.06%
"Oct 26, 1983",392.6,392.6,392.6,392.6,-1.36%
"Oct 25, 1983",398,398,398,398,0.89%
"Oct 24, 1983",394.5,394.5,394.5,394.5,0.08%
"Oct 21, 1983",394.2,394.2,394.2,394.2,1.15%
"Oct 20, 1983",389.7,389.7,389.7,389.7,-1.09%
"Oct 19, 1983",394,394,394,394,-0.81%
"Oct 18, 1983",397.2,397.2,397.2,397.2,0.56%
"Oct 17, 1983",395,395,395,395,-0.93%
"Oct 14, 1983",398.7,398.7,398.7,398.7,0.03%
"Oct 13, 1983",398.6,398.6,398.6,398.6,0.99%
"Oct 12, 1983",394.7,394.7,394.7,394.7,-1.08%
"Oct 11, 1983",399,399,399,399,0.40%
"Oct 10, 1983",397.4,397.4,397.4,397.4,0.00%
"Oct 07, 1983",397.4,397.4,397.4,397.4,0.86%
"Oct 06, 1983",394,394,394,394,1.16%
"Oct 05, 1983",389.5,389.5,389.5,389.5,-1.02%
"Oct 04, 1983",393.5,393.5,393.5,393.5,1.16%
"Oct 03, 1983",389,389,389,389,-3.95%
"Sep 30, 1983",405,405,405,405,-0.91%
"Sep 29, 1983",408.7,408.7,408.7,408.7,-1.18%
"Sep 28, 1983",413.6,413.6,413.6,413.6,0.34%
"Sep 27, 1983",412.2,412.2,412.2,412.2,-0.67%
"Sep 26, 1983",415,415,415,415,0.48%
"Sep 23, 1983",413,413,413,413,1.30%
"Sep 22, 1983",407.7,407.7,407.7,407.7,-0.85%
"Sep 21, 1983",411.2,411.2,411.2,411.2,-0.27%
"Sep 20, 1983",412.3,412.3,412.3,412.3,0.02%
"Sep 19, 1983",412.2,412.2,412.2,412.2,1.73%
"Sep 15, 1983",405.2,405.2,405.2,405.2,0.87%
"Sep 14, 1983",401.7,401.7,401.7,401.7,-1.23%
"Sep 13, 1983",406.7,406.7,406.7,406.7,-2.17%
"Sep 12, 1983",415.7,415.7,415.7,415.7,0.24%
"Sep 09, 1983",414.7,414.7,414.7,414.7,0.17%
"Sep 08, 1983",414,414,414,414,0.19%
"Sep 07, 1983",413.2,413.2,413.2,413.2,-1.20%
"Sep 06, 1983",418.2,418.2,418.2,418.2,0.17%
"Sep 02, 1983",417.5,417.5,417.5,417.5,0.22%
"Sep 01, 1983",416.6,416.6,416.6,416.6,0.58%
"Aug 31, 1983",414.2,414.2,414.2,414.2,-0.93%
"Aug 30, 1983",418.1,418.1,418.1,418.1,0.38%
"Aug 29, 1983",416.5,416.5,416.5,416.5,-0.12%
"Aug 26, 1983",417,417,417,417,-1.47%
"Aug 25, 1983",423.2,423.2,423.2,423.2,-0.19%
"Aug 24, 1983",424,424,424,424,-0.56%
"Aug 23, 1983",426.4,426.4,426.4,426.4,1.11%
"Aug 22, 1983",421.7,421.7,421.7,421.7,0.96%
"Aug 19, 1983",417.7,417.7,417.7,417.7,-0.90%
"Aug 18, 1983",421.5,421.5,421.5,421.5,-0.24%
"Aug 17, 1983",422.5,422.5,422.5,422.5,0.48%
"Aug 16, 1983",420.5,420.5,420.5,420.5,1.08%
"Aug 15, 1983",416,416,416,416,0.87%
"Aug 12, 1983",412.4,412.4,412.4,412.4,0.17%
"Aug 11, 1983",411.7,411.7,411.7,411.7,0.86%
"Aug 10, 1983",408.2,408.2,408.2,408.2,-1.16%
"Aug 09, 1983",413,413,413,413,1.10%
"Aug 08, 1983",408.5,408.5,408.5,408.5,-0.29%
"Aug 05, 1983",409.7,409.7,409.7,409.7,-1.04%
"Aug 04, 1983",414,414,414,414,0.73%
"Aug 03, 1983",411,411,411,411,-0.77%
"Aug 02, 1983",414.2,414.2,414.2,414.2,0.73%
"Aug 01, 1983",411.2,411.2,411.2,411.2,-2.56%
"Jul 29, 1983",422,422,422,422,-0.82%
"Jul 28, 1983",425.5,425.5,425.5,425.5,-0.16%
"Jul 27, 1983",426.2,426.2,426.2,426.2,0.16%
"Jul 26, 1983",425.5,425.5,425.5,425.5,0.83%
"Jul 25, 1983",422,422,422,422,-0.35%
"Jul 22, 1983",423.5,423.5,423.5,423.5,-1.44%
"Jul 21, 1983",429.7,429.7,429.7,429.7,0.35%
"Jul 20, 1983",428.2,428.2,428.2,428.2,1.06%
"Jul 19, 1983",423.7,423.7,423.7,423.7,0.31%
"Jul 18, 1983",422.4,422.4,422.4,422.4,0.05%
"Jul 15, 1983",422.2,422.2,422.2,422.2,-0.94%
"Jul 14, 1983",426.2,426.2,426.2,426.2,-0.23%
"Jul 13, 1983",427.2,427.2,427.2,427.2,-0.42%
"Jul 12, 1983",429,429,429,429,-0.35%
"Jul 11, 1983",430.5,430.5,430.5,430.5,1.06%
"Jul 08, 1983",426,426,426,426,3.35%
"Jul 07, 1983",412.2,412.2,412.2,412.2,0.15%
"Jul 06, 1983",411.6,411.6,411.6,411.6,0.22%
"Jul 05, 1983",410.7,410.7,410.7,410.7,-1.32%
"Jul 01, 1983",416.2,416.2,416.2,416.2,0.05%
"Jun 30, 1983",416,416,416,416,0.29%
"Jun 29, 1983",414.8,414.8,414.8,414.8,-0.29%
"Jun 28, 1983",416,416,416,416,-0.83%
"Jun 27, 1983",419.5,419.5,419.5,419.5,-0.94%
"Jun 24, 1983",423.5,423.5,423.5,423.5,0.71%
"Jun 23, 1983",420.5,420.5,420.5,420.5,0.00%
"Jun 22, 1983",420.5,420.5,420.5,420.5,1.40%
"Jun 21, 1983",414.7,414.7,414.7,414.7,-0.24%
"Jun 20, 1983",415.7,415.7,415.7,415.7,0.05%
"Jun 17, 1983",415.5,415.5,415.5,415.5,0.73%
"Jun 16, 1983",412.5,412.5,412.5,412.5,1.05%
"Jun 15, 1983",408.2,408.2,408.2,408.2,0.07%
"Jun 14, 1983",407.9,407.9,407.9,407.9,-1.23%
"Jun 13, 1983",413,413,413,413,0.44%
"Jun 10, 1983",411.2,411.2,411.2,411.2,0.86%
"Jun 09, 1983",407.7,407.7,407.7,407.7,1.17%
"Jun 08, 1983",403,403,403,403,0.70%
"Jun 07, 1983",400.2,400.2,400.2,400.2,-1.84%
"Jun 06, 1983",407.7,407.7,407.7,407.7,-0.92%
"Jun 03, 1983",411.5,411.5,411.5,411.5,-0.24%
"Jun 02, 1983",412.5,412.5,412.5,412.5,0.61%
"Jun 01, 1983",410,410,410,410,-6.29%
"May 31, 1983",437.5,437.5,437.5,437.5,0.07%
"May 27, 1983",437.2,437.2,437.2,437.2,-0.64%
"May 26, 1983",440,440,440,440,-0.38%
"May 25, 1983",441.7,441.7,441.7,441.7,1.12%
"May 24, 1983",436.8,436.8,436.8,436.8,0.95%
"May 23, 1983",432.7,432.7,432.7,432.7,-1.37%
"May 20, 1983",438.7,438.7,438.7,438.7,-0.88%
"May 19, 1983",442.6,442.6,442.6,442.6,-0.02%
"May 18, 1983",442.7,442.7,442.7,442.7,0.45%
"May 17, 1983",440.7,440.7,440.7,440.7,1.03%
"May 16, 1983",436.2,436.2,436.2,436.2,-1.13%
"May 13, 1983",441.2,441.2,441.2,441.2,0.34%
"May 12, 1983",439.7,439.7,439.7,439.7,-0.74%
"May 11, 1983",443,443,443,443,-0.16%
"May 10, 1983",443.7,443.7,443.7,443.7,2.24%
"May 09, 1983",434,434,434,434,0.65%
"May 06, 1983",431.2,431.2,431.2,431.2,-0.58%
"May 05, 1983",433.7,433.7,433.7,433.7,0.23%
"May 04, 1983",432.7,432.7,432.7,432.7,-0.18%
"May 03, 1983",433.5,433.5,433.5,433.5,1.17%
"May 02, 1983",428.5,428.5,428.5,428.5,-0.16%
"Apr 29, 1983",429.2,429.2,429.2,429.2,0.16%
"Apr 28, 1983",428.5,428.5,428.5,428.5,-1.31%
"Apr 27, 1983",434.2,434.2,434.2,434.2,-0.30%
"Apr 26, 1983",435.5,435.5,435.5,435.5,-1.36%
"Apr 25, 1983",441.5,441.5,441.5,441.5,1.03%
"Apr 22, 1983",437,437,437,437,-0.57%
"Apr 21, 1983",439.5,439.5,439.5,439.5,1.34%
"Apr 20, 1983",433.7,433.7,433.7,433.7,-1.32%
"Apr 19, 1983",439.5,439.5,439.5,439.5,-0.79%
"Apr 18, 1983",443,443,443,443,1.49%
"Apr 15, 1983",436.5,436.5,436.5,436.5,0.23%
"Apr 14, 1983",435.5,435.5,435.5,435.5,1.47%
"Apr 13, 1983",429.2,429.2,429.2,429.2,-0.81%
"Apr 12, 1983",432.7,432.7,432.7,432.7,1.41%
"Apr 11, 1983",426.7,426.7,426.7,426.7,1.31%
"Apr 08, 1983",421.2,421.2,421.2,421.2,-1.06%
"Apr 07, 1983",425.7,425.7,425.7,425.7,-0.65%
"Apr 06, 1983",428.5,428.5,428.5,428.5,0.42%
"Apr 05, 1983",426.7,426.7,426.7,426.7,2.33%
"Apr 04, 1983",417,417,417,417,0.55%
"Mar 31, 1983",414.7,414.7,414.7,414.7,-0.79%
"Mar 30, 1983",418,418,418,418,1.28%
"Mar 29, 1983",412.7,412.7,412.7,412.7,0.98%
"Mar 28, 1983",408.7,408.7,408.7,408.7,-0.73%
"Mar 25, 1983",411.7,411.7,411.7,411.7,-0.91%
"Mar 24, 1983",415.5,415.5,415.5,415.5,1.34%
"Mar 23, 1983",410,410,410,410,-2.66%
"Mar 22, 1983",421.2,421.2,421.2,421.2,1.62%
"Mar 21, 1983",414.5,414.5,414.5,414.5,-1.71%
"Mar 18, 1983",421.7,421.7,421.7,421.7,1.25%
"Mar 17, 1983",416.5,416.5,416.5,416.5,-0.60%
"Mar 16, 1983",419,419,419,419,-3.57%
"Mar 15, 1983",434.5,434.5,434.5,434.5,1.40%
"Mar 14, 1983",428.5,428.5,428.5,428.5,1.90%
"Mar 11, 1983",420.5,420.5,420.5,420.5,-3.27%
"Mar 10, 1983",434.7,434.7,434.7,434.7,2.04%
"Mar 09, 1983",426,426,426,426,2.04%
"Mar 08, 1983",417.5,417.5,417.5,417.5,-0.76%
"Mar 07, 1983",420.7,420.7,420.7,420.7,1.99%
"Mar 04, 1983",412.5,412.5,412.5,412.5,-3.96%
"Mar 03, 1983",429.5,429.5,429.5,429.5,-0.12%
"Mar 02, 1983",430,430,430,430,3.86%
"Mar 01, 1983",414,414,414,414,1.35%
"Feb 28, 1983",408.5,408.5,408.5,408.5,-12.09%
"Feb 25, 1983",464.7,464.7,464.7,464.7,-2.17%
"Feb 24, 1983",475,475,475,475,1.02%
"Feb 23, 1983",470.2,470.2,470.2,470.2,-3.15%
"Feb 22, 1983",485.5,485.5,485.5,485.5,-3.57%
"Feb 18, 1983",503.5,503.5,503.5,503.5,-0.24%
"Feb 17, 1983",504.7,504.7,504.7,504.7,-0.75%
"Feb 16, 1983",508.5,508.5,508.5,508.5,-0.14%
"Feb 15, 1983",509.2,509.2,509.2,509.2,1.74%
"Feb 14, 1983",500.5,500.5,500.5,500.5,-0.79%
"Feb 11, 1983",504.5,504.5,504.5,504.5,1.71%
"Feb 10, 1983",496,496,496,496,1.12%
"Feb 09, 1983",490.5,490.5,490.5,490.5,-1.35%
"Feb 08, 1983",497.2,497.2,497.2,497.2,1.43%
"Feb 07, 1983",490.2,490.2,490.2,490.2,-1.66%
"Feb 04, 1983",498.5,498.5,498.5,498.5,-0.99%
"Feb 03, 1983",503.5,503.5,503.5,503.5,1.06%
"Feb 02, 1983",498.2,498.2,498.2,498.2,-2.03%
"Feb 01, 1983",508.5,508.5,508.5,508.5,1.80%
"Jan 31, 1983",499.5,499.5,499.5,499.5,1.17%
"Jan 28, 1983",493.7,493.7,493.7,493.7,-0.56%
"Jan 27, 1983",496.5,496.5,496.5,496.5,2.06%
"Jan 26, 1983",486.5,486.5,486.5,486.5,-0.45%
"Jan 25, 1983",488.7,488.7,488.7,488.7,2.67%
"Jan 24, 1983",476,476,476,476,-1.86%
"Jan 21, 1983",485,485,485,485,-0.45%
"Jan 20, 1983",487.2,487.2,487.2,487.2,-1.68%
"Jan 19, 1983",495.5,495.5,495.5,495.5,2.16%
"Jan 18, 1983",485,485,485,485,-2.71%
"Jan 17, 1983",498.5,498.5,498.5,498.5,3.17%
"Jan 14, 1983",483.2,483.2,483.2,483.2,-1.02%
"Jan 13, 1983",488.2,488.2,488.2,488.2,1.60%
"Jan 12, 1983",480.5,480.5,480.5,480.5,-0.83%
"Jan 11, 1983",484.5,484.5,484.5,484.5,2.22%
"Jan 10, 1983",474,474,474,474,1.94%
"Jan 07, 1983",465,465,465,465,2.31%
"Jan 06, 1983",454.5,454.5,454.5,454.5,0.11%
"Jan 05, 1983",454,454,454,454,1.00%
"Jan 04, 1983",449.5,449.5,449.5,449.5,-0.55%
"Jan 03, 1983",452,452,452,452,-1.07%
"Dec 30, 1982",456.9,456.9,456.9,456.9,-0.78%
"Dec 29, 1982",460.5,460.5,460.5,460.5,1.10%
"Dec 28, 1982",455.5,455.5,455.5,455.5,-0.33%
"Dec 27, 1982",457,457,457,457,2.54%
"Dec 23, 1982",445.7,445.7,445.7,445.7,-0.34%
"Dec 22, 1982",447.2,447.2,447.2,447.2,1.13%
"Dec 21, 1982",442.2,442.2,442.2,442.2,0.45%
"Dec 20, 1982",440.2,440.2,440.2,440.2,0.73%
"Dec 17, 1982",437,437,437,437,-0.73%
"Dec 16, 1982",440.2,440.2,440.2,440.2,0.62%
"Dec 15, 1982",437.5,437.5,437.5,437.5,-2.65%
"Dec 14, 1982",449.4,449.4,449.4,449.4,2.44%
"Dec 13, 1982",438.7,438.7,438.7,438.7,0.69%
"Dec 10, 1982",435.7,435.7,435.7,435.7,-0.41%
"Dec 09, 1982",437.5,437.5,437.5,437.5,-1.69%
"Dec 08, 1982",445,445,445,445,-2.09%
"Dec 07, 1982",454.5,454.5,454.5,454.5,2.09%
"Dec 06, 1982",445.2,445.2,445.2,445.2,0.91%
"Dec 03, 1982",441.2,441.2,441.2,441.2,-1.12%
"Dec 02, 1982",446.2,446.2,446.2,446.2,1.36%
"Dec 01, 1982",440.2,440.2,440.2,440.2,0.96%
"Nov 30, 1982",436,436,436,436,0.46%
"Nov 29, 1982",434,434,434,434,6.90%
"Nov 26, 1982",406,406,406,406,-0.78%
"Nov 24, 1982",409.2,409.2,409.2,409.2,0.79%
"Nov 23, 1982",406,406,406,406,-1.10%
"Nov 22, 1982",410.5,410.5,410.5,410.5,-1.70%
"Nov 19, 1982",417.6,417.6,417.6,417.6,2.23%
"Nov 18, 1982",408.5,408.5,408.5,408.5,-0.97%
"Nov 17, 1982",412.5,412.5,412.5,412.5,1.23%
"Nov 16, 1982",407.5,407.5,407.5,407.5,1.07%
"Nov 15, 1982",403.2,403.2,403.2,403.2,1.31%
"Nov 12, 1982",398,398,398,398,-0.80%
"Nov 11, 1982",401.2,401.2,401.2,401.2,-2.38%
"Nov 10, 1982",411,411,411,411,0.44%
"Nov 09, 1982",409.2,409.2,409.2,409.2,0.49%
"Nov 08, 1982",407.2,407.2,407.2,407.2,-2.47%
"Nov 05, 1982",417.5,417.5,417.5,417.5,-1.70%
"Nov 04, 1982",424.7,424.7,424.7,424.7,-0.65%
"Nov 03, 1982",427.5,427.5,427.5,427.5,2.22%
"Oct 28, 1982",418.2,418.2,418.2,418.2,0.12%
"Oct 27, 1982",417.7,417.7,417.7,417.7,-0.36%
"Oct 26, 1982",419.2,419.2,419.2,419.2,0.14%
"Oct 25, 1982",418.6,418.6,418.6,418.6,-2.20%
"Oct 22, 1982",428,428,428,428,-1.04%
"Oct 21, 1982",432.5,432.5,432.5,432.5,2.49%
"Oct 20, 1982",422,422,422,422,-4.42%
"Oct 19, 1982",441.5,441.5,441.5,441.5,3.11%
"Oct 18, 1982",428.2,428.2,428.2,428.2,-0.99%
"Oct 15, 1982",432.5,432.5,432.5,432.5,-3.46%
"Oct 14, 1982",448,448,448,448,4.50%
"Oct 13, 1982",428.7,428.7,428.7,428.7,-2.83%
"Oct 12, 1982",441.2,441.2,441.2,441.2,1.89%
"Oct 08, 1982",433,433,433,433,3.46%
"Oct 07, 1982",418.5,418.5,418.5,418.5,3.59%
"Oct 06, 1982",404,404,404,404,3.54%
"Oct 05, 1982",390.2,390.2,390.2,390.2,0.70%
"Oct 04, 1982",387.5,387.5,387.5,387.5,-3.61%
"Oct 01, 1982",402,402,402,402,1.26%
"Sep 30, 1982",397,397,397,397,-3.10%
"Sep 29, 1982",409.7,409.7,409.7,409.7,-0.19%
"Sep 28, 1982",410.5,410.5,410.5,410.5,-0.77%
"Sep 27, 1982",413.7,413.7,413.7,413.7,-4.01%
"Sep 24, 1982",431,431,431,431,-1.10%
"Sep 23, 1982",435.8,435.8,435.8,435.8,-1.78%
"Sep 22, 1982",443.7,443.7,443.7,443.7,4.03%
"Sep 21, 1982",426.5,426.5,426.5,426.5,0.54%
"Sep 20, 1982",424.2,424.2,424.2,424.2,-3.92%
"Sep 17, 1982",441.5,441.5,441.5,441.5,-1.56%
"Sep 16, 1982",448.5,448.5,448.5,448.5,1.20%
"Sep 15, 1982",443.2,443.2,443.2,443.2,-2.42%
"Sep 14, 1982",454.2,454.2,454.2,454.2,3.46%
"Sep 13, 1982",439,439,439,439,-3.09%
"Sep 10, 1982",453,453,453,453,-2.79%
"Sep 09, 1982",466,466,466,466,1.75%
"Sep 08, 1982",458,458,458,458,-4.78%
"Sep 07, 1982",481,481,481,481,5.71%
"Sep 03, 1982",455,455,455,455,11.06%
"Sep 02, 1982",409.7,409.7,409.7,409.7,1.11%
"Sep 01, 1982",405.2,405.2,405.2,405.2,-1.53%
"Aug 31, 1982",411.5,411.5,411.5,411.5,2.31%
"Aug 30, 1982",402.2,402.2,402.2,402.2,-3.78%
"Aug 27, 1982",418,418,418,418,0.24%
"Aug 26, 1982",417,417,417,417,3.99%
"Aug 25, 1982",401,401,401,401,-1.64%
"Aug 24, 1982",407.7,407.7,407.7,407.7,3.35%
"Aug 23, 1982",394.5,394.5,394.5,394.5,2.07%
"Aug 20, 1982",386.5,386.5,386.5,386.5,8.38%
"Aug 19, 1982",356.6,356.6,356.6,356.6,-0.31%
"Aug 18, 1982",357.7,357.7,357.7,357.7,5.92%
"Aug 17, 1982",337.7,337.7,337.7,337.7,-1.17%
"Aug 16, 1982",341.7,341.7,341.7,341.7,1.09%
"Aug 13, 1982",338,338,338,338,0.99%
"Aug 12, 1982",334.7,334.7,334.7,334.7,0.36%
"Aug 11, 1982",333.5,333.5,333.5,333.5,-1.39%
"Aug 10, 1982",338.2,338.2,338.2,338.2,0.65%
"Aug 09, 1982",336,336,336,336,-2.52%
"Aug 06, 1982",344.7,344.7,344.7,344.7,-0.52%
"Aug 05, 1982",346.5,346.5,346.5,346.5,0.09%
"Aug 04, 1982",346.2,346.2,346.2,346.2,-0.86%
"Aug 03, 1982",349.2,349.2,349.2,349.2,-0.60%
"Aug 02, 1982",351.3,351.3,351.3,351.3,2.45%
"Jul 30, 1982",342.9,342.9,342.9,342.9,0.12%
"Jul 29, 1982",342.5,342.5,342.5,342.5,-1.30%
"Jul 28, 1982",347,347,347,347,-1.20%
"Jul 27, 1982",351.2,351.2,351.2,351.2,-0.28%
"Jul 26, 1982",352.2,352.2,352.2,352.2,-3.03%
"Jul 23, 1982",363.2,363.2,363.2,363.2,2.89%
"Jul 22, 1982",353,353,353,353,-3.68%
"Jul 21, 1982",366.5,366.5,366.5,366.5,5.41%
"Jul 20, 1982",347.7,347.7,347.7,347.7,0.06%
"Jul 19, 1982",347.5,347.5,347.5,347.5,0.14%
"Jul 16, 1982",347,347,347,347,-0.91%
"Jul 15, 1982",350.2,350.2,350.2,350.2,-0.71%
"Jul 14, 1982",352.7,352.7,352.7,352.7,0.06%
"Jul 13, 1982",352.5,352.5,352.5,352.5,2.77%
"Jul 12, 1982",343,343,343,343,4.41%
"Jul 09, 1982",328.5,328.5,328.5,328.5,4.78%
"Jul 08, 1982",313.5,313.5,313.5,313.5,2.22%
"Jul 07, 1982",306.7,306.7,306.7,306.7,-1.38%
"Jul 06, 1982",311,311,311,311,-0.54%
"Jul 02, 1982",312.7,312.7,312.7,312.7,0.81%
"Jul 01, 1982",310.2,310.2,310.2,310.2,-2.30%
"Jun 30, 1982",317.5,317.5,317.5,317.5,2.75%
"Jun 29, 1982",309,309,309,309,1.73%
"Jun 28, 1982",303.75,303.75,303.75,303.75,-0.57%
"Jun 25, 1982",305.5,305.5,305.5,305.5,-1.53%
"Jun 24, 1982",310.25,310.25,310.25,310.25,2.06%
"Jun 23, 1982",304,304,304,304,0.00%
"Jun 22, 1982",304,304,304,304,2.44%
"Jun 21, 1982",296.75,296.75,296.75,296.75,-3.89%
"Jun 18, 1982",308.75,308.75,308.75,308.75,-0.08%
"Jun 17, 1982",309,309,309,309,-2.52%
"Jun 16, 1982",317,317,317,317,0.63%
"Jun 15, 1982",315,315,315,315,-1.79%
"Jun 14, 1982",320.75,320.75,320.75,320.75,-1.38%
"Jun 11, 1982",325.25,325.25,325.25,325.25,-0.46%
"Jun 10, 1982",326.75,326.75,326.75,326.75,0.23%
"Jun 09, 1982",326,326,326,326,-0.84%
"Jun 08, 1982",328.75,328.75,328.75,328.75,1.08%
"Jun 07, 1982",325.25,325.25,325.25,325.25,2.04%
"Jun 04, 1982",318.75,318.75,318.75,318.75,-0.50%
"Jun 03, 1982",320.35,320.35,320.35,320.35,0.58%
"Jun 02, 1982",318.5,318.5,318.5,318.5,-0.08%
"Jun 01, 1982",318.75,318.75,318.75,318.75,-2.00%
"May 31, 1982",325.25,325.25,325.25,325.25,0.00%
"May 28, 1982",325.25,325.25,325.25,325.25,0.31%
"May 27, 1982",324.25,324.25,324.25,324.25,-1.82%
"May 26, 1982",330.25,330.25,330.25,330.25,0.72%
"May 25, 1982",327.9,327.9,327.9,327.9,-0.33%
"May 24, 1982",329,329,329,329,-2.81%
"May 21, 1982",338.5,338.5,338.5,338.5,-1.17%
"May 20, 1982",342.5,342.5,342.5,342.5,0.15%
"May 19, 1982",342,342,342,342,1.18%
"May 18, 1982",338,338,338,338,-0.15%
"May 17, 1982",338.5,338.5,338.5,338.5,1.58%
"May 14, 1982",333.25,333.25,333.25,333.25,0.68%
"May 13, 1982",331,331,331,331,-0.15%
"May 12, 1982",331.5,331.5,331.5,331.5,-0.23%
"May 11, 1982",332.25,332.25,332.25,332.25,0.99%
"May 10, 1982",329,329,329,329,-1.72%
"May 07, 1982",334.75,334.75,334.75,334.75,0.07%
"May 06, 1982",334.5,334.5,334.5,334.5,-1.15%
"May 05, 1982",338.4,338.4,338.4,338.4,-0.98%
"May 04, 1982",341.75,341.75,341.75,341.75,-1.09%
"May 03, 1982",345.5,345.5,345.5,345.5,-4.36%
"Apr 30, 1982",361.25,361.25,361.25,361.25,3.58%
"Apr 29, 1982",348.75,348.75,348.75,348.75,-1.62%
"Apr 28, 1982",354.5,354.5,354.5,354.5,0.78%
"Apr 27, 1982",351.75,351.75,351.75,351.75,-1.47%
"Apr 26, 1982",357,357,357,357,1.35%
"Apr 23, 1982",352.25,352.25,352.25,352.25,2.10%
"Apr 22, 1982",345,345,345,345,-0.50%
"Apr 21, 1982",346.75,346.75,346.75,346.75,1.09%
"Apr 20, 1982",343,343,343,343,-3.92%
"Apr 19, 1982",357,357,357,357,-1.59%
"Apr 16, 1982",362.75,362.75,362.75,362.75,-0.14%
"Apr 15, 1982",363.25,363.25,363.25,363.25,-0.95%
"Apr 14, 1982",366.75,366.75,366.75,366.75,3.75%
"Apr 13, 1982",353.5,353.5,353.5,353.5,0.00%
"Apr 12, 1982",353.5,353.5,353.5,353.5,0.57%
"Apr 09, 1982",351.5,351.5,351.5,351.5,0.00%
"Apr 08, 1982",351.5,351.5,351.5,351.5,-0.71%
"Apr 07, 1982",354,354,354,354,2.46%
"Apr 06, 1982",345.5,345.5,345.5,345.5,2.37%
"Apr 05, 1982",337.5,337.5,337.5,337.5,2.97%
"Apr 02, 1982",327.75,327.75,327.75,327.75,0.23%
"Apr 01, 1982",327,327,327,327,2.12%
"Mar 31, 1982",320.22,320.22,320.22,320.22,-1.24%
"Mar 30, 1982",324.25,324.25,324.25,324.25,1.81%
"Mar 29, 1982",318.5,318.5,318.5,318.5,-1.16%
"Mar 26, 1982",322.25,322.25,322.25,322.25,-1.68%
"Mar 25, 1982",327.75,327.75,327.75,327.75,-1.21%
"Mar 24, 1982",331.75,331.75,331.75,331.75,3.41%
"Mar 22, 1982",320.8,320.8,320.8,320.8,1.60%
"Mar 19, 1982",315.75,315.75,315.75,315.75,-1.33%
"Mar 18, 1982",320,320,320,320,1.27%
"Mar 17, 1982",316,316,316,316,-2.62%
"Mar 16, 1982",324.5,324.5,324.5,324.5,4.01%
"Mar 15, 1982",312,312,312,312,-3.48%
"Mar 12, 1982",323.25,323.25,323.25,323.25,-2.56%
"Mar 11, 1982",331.75,331.75,331.75,331.75,-0.38%
"Mar 10, 1982",333,333,333,333,1.14%
"Mar 09, 1982",329.25,329.25,329.25,329.25,-0.38%
"Mar 08, 1982",330.5,330.5,330.5,330.5,-3.48%
"Mar 05, 1982",342.4,342.4,342.4,342.4,-1.18%
"Mar 04, 1982",346.5,346.5,346.5,346.5,-2.05%
"Mar 03, 1982",353.75,353.75,353.75,353.75,-2.08%
"Mar 02, 1982",361.25,361.25,361.25,361.25,0.00%
"Mar 01, 1982",361.25,361.25,361.25,361.25,-0.37%
"Feb 26, 1982",362.6,362.6,362.6,362.6,-1.05%
"Feb 25, 1982",366.45,366.45,366.45,366.45,1.02%
"Feb 24, 1982",362.75,362.75,362.75,362.75,0.48%
"Feb 23, 1982",361,361,361,361,-0.89%
"Feb 22, 1982",364.25,364.25,364.25,364.25,-1.35%
"Feb 19, 1982",369.25,369.25,369.25,369.25,0.00%
"Feb 18, 1982",369.25,369.25,369.25,369.25,-1.27%
"Feb 17, 1982",374,374,374,374,-0.33%
"Feb 16, 1982",375.25,375.25,375.25,375.25,-0.60%
"Feb 15, 1982",377.5,377.5,377.5,377.5,0.00%
"Feb 12, 1982",377.5,377.5,377.5,377.5,-0.66%
"Feb 11, 1982",380,380,380,380,-0.56%
"Feb 10, 1982",382.15,382.15,382.15,382.15,0.96%
"Feb 09, 1982",378.5,378.5,378.5,378.5,-0.33%
"Feb 08, 1982",379.75,379.75,379.75,379.75,-1.17%
"Feb 05, 1982",384.25,384.25,384.25,384.25,0.13%
"Feb 04, 1982",383.75,383.75,383.75,383.75,1.52%
"Feb 03, 1982",378,378,378,378,-0.30%
"Feb 02, 1982",379.15,379.15,379.15,379.15,-0.09%
"Feb 01, 1982",379.5,379.5,379.5,379.5,-1.94%
"Jan 29, 1982",387,387,387,387,0.91%
"Jan 28, 1982",383.5,383.5,383.5,383.5,0.46%
"Jan 27, 1982",381.75,381.75,381.75,381.75,1.39%
"Jan 26, 1982",376.5,376.5,376.5,376.5,1.21%
"Jan 25, 1982",372,372,372,372,-1.39%
"Jan 22, 1982",377.25,377.25,377.25,377.25,0.33%
"Jan 21, 1982",376,376,376,376,1.21%
"Jan 20, 1982",371.5,371.5,371.5,371.5,-1.00%
"Jan 19, 1982",375.25,375.25,375.25,375.25,0.40%
"Jan 18, 1982",373.75,373.75,373.75,373.75,-1.45%
"Jan 15, 1982",379.25,379.25,379.25,379.25,1.20%
"Jan 14, 1982",374.75,374.75,374.75,374.75,-1.38%
"Jan 13, 1982",380,380,380,380,-2.31%
"Jan 12, 1982",389,389,389,389,0.19%
"Jan 11, 1982",388.25,388.25,388.25,388.25,-3.00%
"Jan 08, 1982",400.25,400.25,400.25,400.25,0.95%
"Jan 07, 1982",396.5,396.5,396.5,396.5,-1.25%
"Jan 06, 1982",401.5,401.5,401.5,401.5,-0.50%
"Jan 05, 1982",403.5,403.5,403.5,403.5,2.15%
"Jan 04, 1982",395,395,395,395,-1.50%
"Jan 01, 1982",401,401,401,401,0.00%
"Dec 31, 1981",401,401,401,401,0.88%
"Dec 30, 1981",397.5,397.5,397.5,397.5,0.63%
"Dec 29, 1981",395,395,395,395,-0.25%
"Dec 28, 1981",396,396,396,396,-1.10%
"Dec 25, 1981",400.4,400.4,400.4,400.4,0.00%
"Dec 24, 1981",400.4,400.4,400.4,400.4,0.00%
"Dec 23, 1981",400.4,400.4,400.4,400.4,0.20%
"Dec 22, 1981",399.6,399.6,399.6,399.6,-2.66%
"Dec 21, 1981",410.5,410.5,410.5,410.5,-1.26%
"Dec 18, 1981",415.75,415.75,415.75,415.75,-0.12%
"Dec 17, 1981",416.25,416.25,416.25,416.25,-0.12%
"Dec 16, 1981",416.75,416.75,416.75,416.75,0.85%
"Dec 15, 1981",413.25,413.25,413.25,413.25,-1.02%
"Dec 14, 1981",417.5,417.5,417.5,417.5,1.89%
"Dec 11, 1981",409.75,409.75,409.75,409.75,1.05%
"Dec 10, 1981",405.5,405.5,405.5,405.5,-1.16%
"Dec 09, 1981",410.25,410.25,410.25,410.25,-1.20%
"Dec 08, 1981",415.25,415.25,415.25,415.25,-0.36%
"Dec 07, 1981",416.75,416.75,416.75,416.75,-2.17%
"Dec 04, 1981",426,426,426,426,2.28%
"Dec 03, 1981",416.5,416.5,416.5,416.5,2.40%
"Dec 02, 1981",406.75,406.75,406.75,406.75,1.06%
"Dec 01, 1981",402.5,402.5,402.5,402.5,-2.90%
"Nov 30, 1981",414.5,414.5,414.5,414.5,1.22%
"Nov 27, 1981",409.5,409.5,409.5,409.5,0.00%
"Nov 26, 1981",409.5,409.5,409.5,409.5,0.00%
"Nov 25, 1981",409.5,409.5,409.5,409.5,2.57%
"Nov 24, 1981",399.25,399.25,399.25,399.25,0.63%
"Nov 23, 1981",396.75,396.75,396.75,396.75,-1.18%
"Nov 20, 1981",401.5,401.5,401.5,401.5,0.12%
"Nov 19, 1981",401,401,401,401,-0.68%
"Nov 18, 1981",403.75,403.75,403.75,403.75,1.25%
"Nov 17, 1981",398.75,398.75,398.75,398.75,-1.36%
"Nov 16, 1981",404.25,404.25,404.25,404.25,-2.00%
"Nov 13, 1981",412.5,412.5,412.5,412.5,0.24%
"Nov 12, 1981",411.5,411.5,411.5,411.5,-0.12%
"Nov 11, 1981",412,412,412,412,-1.55%
"Nov 10, 1981",418.5,418.5,418.5,418.5,-2.62%
"Nov 09, 1981",429.75,429.75,429.75,429.75,0.35%
"Nov 06, 1981",428.25,428.25,428.25,428.25,-0.06%
"Nov 05, 1981",428.5,428.5,428.5,428.5,-0.64%
"Nov 04, 1981",431.25,431.25,431.25,431.25,0.70%
"Nov 03, 1981",428.25,428.25,428.25,428.25,-0.41%
"Nov 02, 1981",430,430,430,430,0.70%
"Oct 30, 1981",427,427,427,427,0.59%
"Oct 29, 1981",424.5,424.5,424.5,424.5,-1.46%
"Oct 28, 1981",430.8,430.8,430.8,430.8,0.80%
"Oct 27, 1981",427.4,427.4,427.4,427.4,0.33%
"Oct 26, 1981",426,426,426,426,-1.50%
"Oct 23, 1981",432.5,432.5,432.5,432.5,-0.29%
"Oct 22, 1981",433.75,433.75,433.75,433.75,1.11%
"Oct 21, 1981",429,429,429,429,-1.90%
"Oct 20, 1981",437.3,437.3,437.3,437.3,0.14%
"Oct 19, 1981",436.7,436.7,436.7,436.7,-1.59%
"Oct 16, 1981",443.75,443.75,443.75,443.75,-0.65%
"Oct 15, 1981",446.65,446.65,446.65,446.65,0.54%
"Oct 14, 1981",444.25,444.25,444.25,444.25,0.23%
"Oct 13, 1981",443.25,443.25,443.25,443.25,-2.26%
"Oct 12, 1981",453.5,453.5,453.5,453.5,0.00%
"Oct 09, 1981",453.5,453.5,453.5,453.5,2.31%
"Oct 08, 1981",443.25,443.25,443.25,443.25,-0.51%
"Oct 07, 1981",445.5,445.5,445.5,445.5,0.56%
"Oct 06, 1981",443,443,443,443,0.40%
"Oct 05, 1981",441.25,441.25,441.25,441.25,1.44%
"Oct 02, 1981",435,435,435,435,-0.40%
"Oct 01, 1981",436.75,436.75,436.75,436.75,1.87%
"Sep 30, 1981",428.75,428.75,428.75,428.75,-0.69%
"Sep 29, 1981",431.75,431.75,431.75,431.75,2.43%
"Sep 28, 1981",421.5,421.5,421.5,421.5,-6.44%
"Sep 25, 1981",450.5,450.5,450.5,450.5,0.95%
"Sep 24, 1981",446.25,446.25,446.25,446.25,-2.25%
"Sep 23, 1981",456.5,456.5,456.5,456.5,-1.19%
"Sep 22, 1981",462,462,462,462,-0.32%
"Sep 21, 1981",463.5,463.5,463.5,463.5,3.69%
"Sep 18, 1981",447,447,447,447,-2.61%
"Sep 17, 1981",459,459,459,459,2.23%
"Sep 16, 1981",449,449,449,449,-1.54%
"Sep 15, 1981",456,456,456,456,1.05%
"Sep 14, 1981",451.25,451.25,451.25,451.25,0.67%
"Sep 11, 1981",448.25,448.25,448.25,448.25,-0.72%
"Sep 10, 1981",451.5,451.5,451.5,451.5,3.38%
"Sep 09, 1981",436.75,436.75,436.75,436.75,-0.51%
"Sep 08, 1981",439,439,439,439,-0.11%
"Sep 07, 1981",439.5,439.5,439.5,439.5,0.00%
"Sep 04, 1981",439.5,439.5,439.5,439.5,0.69%
"Sep 03, 1981",436.5,436.5,436.5,436.5,1.51%
"Sep 02, 1981",430,430,430,430,2.02%
"Sep 01, 1981",421.5,421.5,421.5,421.5,-1.29%
"Aug 31, 1981",427,427,427,427,0.47%
"Aug 28, 1981",425,425,425,425,3.22%
"Aug 27, 1981",411.75,411.75,411.75,411.75,-0.54%
"Aug 26, 1981",414,414,414,414,1.04%
"Aug 25, 1981",409.75,409.75,409.75,409.75,-2.90%
"Aug 24, 1981",422,422,422,422,-1.75%
"Aug 21, 1981",429.5,429.5,429.5,429.5,0.12%
"Aug 20, 1981",429,429,429,429,-0.58%
"Aug 19, 1981",431.5,431.5,431.5,431.5,2.74%
"Aug 18, 1981",420,420,420,420,-4.87%
"Aug 17, 1981",441.5,441.5,441.5,441.5,6.90%
"Aug 14, 1981",413,413,413,413,1.41%
"Aug 13, 1981",407.25,407.25,407.25,407.25,-2.46%
"Aug 12, 1981",417.5,417.5,417.5,417.5,4.11%
"Aug 11, 1981",401,401,401,401,1.84%
"Aug 10, 1981",393.75,393.75,393.75,393.75,-0.88%
"Aug 07, 1981",397.25,397.25,397.25,397.25,1.02%
"Aug 06, 1981",393.25,393.25,393.25,393.25,0.22%
"Aug 05, 1981",392.4,392.4,392.4,392.4,0.29%
"Aug 04, 1981",391.25,391.25,391.25,391.25,-0.32%
"Aug 03, 1981",392.5,392.5,392.5,392.5,-3.33%
"Jul 31, 1981",406,406,406,406,0.93%
"Jul 30, 1981",402.25,402.25,402.25,402.25,-0.48%
"Jul 29, 1981",404.2,404.2,404.2,404.2,0.67%
"Jul 28, 1981",401.5,401.5,401.5,401.5,-1.77%
"Jul 27, 1981",408.75,408.75,408.75,408.75,0.31%
"Jul 24, 1981",407.5,407.5,407.5,407.5,-0.06%
"Jul 23, 1981",407.75,407.75,407.75,407.75,-0.91%
"Jul 22, 1981",411.5,411.5,411.5,411.5,1.35%
"Jul 21, 1981",406,406,406,406,-1.58%
"Jul 20, 1981",412.5,412.5,412.5,412.5,-0.60%
"Jul 17, 1981",415,415,415,415,-0.78%
"Jul 16, 1981",418.25,418.25,418.25,418.25,1.46%
"Jul 15, 1981",412.25,412.25,412.25,412.25,2.49%
"Jul 14, 1981",402.25,402.25,402.25,402.25,-2.60%
"Jul 13, 1981",413,413,413,413,-0.84%
"Jul 10, 1981",416.5,416.5,416.5,416.5,2.52%
"Jul 09, 1981",406.25,406.25,406.25,406.25,2.14%
"Jul 08, 1981",397.75,397.75,397.75,397.75,-1.79%
"Jul 07, 1981",405,405,405,405,0.31%
"Jul 06, 1981",403.75,403.75,403.75,403.75,-2.59%
"Jul 03, 1981",414.5,414.5,414.5,414.5,0.00%
"Jul 02, 1981",414.5,414.5,414.5,414.5,-1.78%
"Jul 01, 1981",422,422,422,422,-0.94%
"Jun 30, 1981",426,426,426,426,-0.64%
"Jun 29, 1981",428.75,428.75,428.75,428.75,-3.00%
"Jun 26, 1981",442,442,442,442,-1.01%
"Jun 25, 1981",446.5,446.5,446.5,446.5,-3.35%
"Jun 24, 1981",462,462,462,462,-0.96%
"Jun 23, 1981",466.5,466.5,466.5,466.5,0.97%
"Jun 22, 1981",462,462,462,462,0.82%
"Jun 19, 1981",458.25,458.25,458.25,458.25,-0.16%
"Jun 18, 1981",459,459,459,459,-0.60%
"Jun 17, 1981",461.75,461.75,461.75,461.75,0.05%
"Jun 16, 1981",461.5,461.5,461.5,461.5,-2.17%
"Jun 15, 1981",471.75,471.75,471.75,471.75,-0.05%
"Jun 12, 1981",472,472,472,472,1.67%
"Jun 11, 1981",464.25,464.25,464.25,464.25,-0.21%
"Jun 10, 1981",465.25,465.25,465.25,465.25,1.03%
"Jun 09, 1981",460.5,460.5,460.5,460.5,-2.75%
"Jun 08, 1981",473.5,473.5,473.5,473.5,2.93%
"Jun 05, 1981",460,460,460,460,-0.54%
"Jun 04, 1981",462.5,462.5,462.5,462.5,-2.73%
"Jun 03, 1981",475.5,475.5,475.5,475.5,0.32%
"Jun 02, 1981",474,474,474,474,-1.91%
"Jun 01, 1981",483.25,483.25,483.25,483.25,0.83%
"May 29, 1981",479.25,479.25,479.25,479.25,0.05%
"May 28, 1981",479,479,479,479,2.62%
"May 27, 1981",466.75,466.75,466.75,466.75,0.05%
"May 26, 1981",466.5,466.5,466.5,466.5,-1.32%
"May 25, 1981",472.75,472.75,472.75,472.75,0.00%
"May 22, 1981",472.75,472.75,472.75,472.75,-0.47%
"May 21, 1981",475,475,475,475,-0.99%
"May 20, 1981",479.75,479.75,479.75,479.75,-0.36%
"May 19, 1981",481.5,481.5,481.5,481.5,-0.05%
"May 18, 1981",481.75,481.75,481.75,481.75,-0.67%
"May 15, 1981",485,485,485,485,1.78%
"May 14, 1981",476.5,476.5,476.5,476.5,-1.60%
"May 13, 1981",484.25,484.25,484.25,484.25,0.05%
"May 12, 1981",484,484,484,484,-1.83%
"May 11, 1981",493,493,493,493,1.49%
"May 08, 1981",485.75,485.75,485.75,485.75,1.67%
"May 07, 1981",477.75,477.75,477.75,477.75,-0.88%
"May 06, 1981",482,482,482,482,1.21%
"May 05, 1981",476.25,476.25,476.25,476.25,-1.09%
"May 04, 1981",481.5,481.5,481.5,481.5,-1.23%
"May 01, 1981",487.5,487.5,487.5,487.5,0.98%
"Apr 30, 1981",482.75,482.75,482.75,482.75,1.15%
"Apr 29, 1981",477.25,477.25,477.25,477.25,-1.14%
"Apr 28, 1981",482.75,482.75,482.75,482.75,-0.05%
"Apr 27, 1981",483,483,483,483,-2.33%
"Apr 24, 1981",494.5,494.5,494.5,494.5,1.23%
"Apr 23, 1981",488.5,488.5,488.5,488.5,-2.50%
"Apr 22, 1981",501,501,501,501,4.16%
"Apr 21, 1981",481,481,481,481,0.84%
"Apr 20, 1981",477,477,477,477,-1.14%
"Apr 17, 1981",482.5,482.5,482.5,482.5,0.00%
"Apr 16, 1981",482.5,482.5,482.5,482.5,1.31%
"Apr 15, 1981",476.25,476.25,476.25,476.25,-1.40%
"Apr 14, 1981",483,483,483,483,1.95%
"Apr 13, 1981",473.75,473.75,473.75,473.75,-4.00%
"Apr 10, 1981",493.5,493.5,493.5,493.5,-1.89%
"Apr 09, 1981",503,503,503,503,-1.08%
"Apr 08, 1981",508.5,508.5,508.5,508.5,-1.12%
"Apr 07, 1981",514.25,514.25,514.25,514.25,-3.65%
"Apr 06, 1981",533.75,533.75,533.75,533.75,2.06%
"Apr 03, 1981",523,523,523,523,0.67%
"Apr 02, 1981",519.5,519.5,519.5,519.5,1.02%
"Apr 01, 1981",514.25,514.25,514.25,514.25,0.10%
"Mar 31, 1981",513.75,513.75,513.75,513.75,-2.42%
"Mar 30, 1981",526.5,526.5,526.5,526.5,-2.27%
"Mar 27, 1981",538.75,538.75,538.75,538.75,-0.14%
"Mar 26, 1981",539.5,539.5,539.5,539.5,2.18%
"Mar 25, 1981",528,528,528,528,-1.54%
"Mar 24, 1981",536.25,536.25,536.25,536.25,1.95%
"Mar 23, 1981",526,526,526,526,1.79%
"Mar 20, 1981",516.75,516.75,516.75,516.75,1.32%
"Mar 19, 1981",510,510,510,510,0.79%
"Mar 18, 1981",506,506,506,506,2.58%
"Mar 17, 1981",493.25,493.25,493.25,493.25,-1.30%
"Mar 16, 1981",499.75,499.75,499.75,499.75,1.58%
"Mar 13, 1981",492,492,492,492,2.93%
"Mar 12, 1981",478,478,478,478,0.37%
"Mar 11, 1981",476.25,476.25,476.25,476.25,-2.26%
"Mar 10, 1981",487.25,487.25,487.25,487.25,2.52%
"Mar 09, 1981",475.25,475.25,475.25,475.25,1.77%
"Mar 06, 1981",467,467,467,467,1.19%
"Mar 05, 1981",461.5,461.5,461.5,461.5,-0.86%
"Mar 04, 1981",465.5,465.5,465.5,465.5,-1.17%
"Mar 03, 1981",471,471,471,471,1.18%
"Mar 02, 1981",465.5,465.5,465.5,465.5,-4.81%
"Feb 27, 1981",489,489,489,489,-0.61%
"Feb 26, 1981",492,492,492,492,-1.70%
"Feb 25, 1981",500.5,500.5,500.5,500.5,-0.50%
"Feb 24, 1981",503,503,503,503,0.30%
"Feb 23, 1981",501.5,501.5,501.5,501.5,-1.96%
"Feb 20, 1981",511.5,511.5,511.5,511.5,1.64%
"Feb 19, 1981",503.25,503.25,503.25,503.25,-0.35%
"Feb 18, 1981",505,505,505,505,0.85%
"Feb 17, 1981",500.75,500.75,500.75,500.75,1.88%
"Feb 16, 1981",491.5,491.5,491.5,491.5,0.00%
"Feb 13, 1981",491.5,491.5,491.5,491.5,0.25%
"Feb 12, 1981",490.25,490.25,490.25,490.25,-2.15%
"Feb 11, 1981",501,501,501,501,-3.56%
"Feb 10, 1981",519.5,519.5,519.5,519.5,1.37%
"Feb 09, 1981",512.5,512.5,512.5,512.5,2.40%
"Feb 06, 1981",500.5,500.5,500.5,500.5,0.40%
"Feb 05, 1981",498.5,498.5,498.5,498.5,-1.29%
"Feb 04, 1981",505,505,505,505,3.86%
"Feb 03, 1981",486.25,486.25,486.25,486.25,-1.47%
"Feb 02, 1981",493.5,493.5,493.5,493.5,-2.57%
"Jan 30, 1981",506.5,506.5,506.5,506.5,2.58%
"Jan 29, 1981",493.75,493.75,493.75,493.75,-5.68%
"Jan 28, 1981",523.5,523.5,523.5,523.5,-0.10%
"Jan 27, 1981",524,524,524,524,-0.85%
"Jan 26, 1981",528.5,528.5,528.5,528.5,-4.43%
"Jan 23, 1981",553,553,553,553,-1.95%
"Jan 22, 1981",564,564,564,564,-2.42%
"Jan 21, 1981",578,578,578,578,2.85%
"Jan 20, 1981",562,562,562,562,-0.84%
"Jan 19, 1981",566.75,566.75,566.75,566.75,1.07%
"Jan 16, 1981",560.75,560.75,560.75,560.75,-1.88%
"Jan 15, 1981",571.5,571.5,571.5,571.5,2.70%
"Jan 14, 1981",556.5,556.5,556.5,556.5,-1.11%
"Jan 13, 1981",562.75,562.75,562.75,562.75,0.13%
"Jan 12, 1981",562,562,562,562,-2.73%
"Jan 09, 1981",577.75,577.75,577.75,577.75,0.52%
"Jan 08, 1981",574.75,574.75,574.75,574.75,-1.75%
"Jan 07, 1981",585,585,585,585,-2.38%
"Jan 06, 1981",599.25,599.25,599.25,599.25,0.29%
"Jan 05, 1981",597.5,597.5,597.5,597.5,1.96%
"Jan 02, 1981",586,586,586,586,0.00%
"Jan 01, 1981",586,586,586,586,0.00%
"Dec 31, 1980",586,586,586,586,-0.55%
"Dec 30, 1980",589.25,589.25,589.25,589.25,-0.76%
"Dec 29, 1980",593.75,593.75,593.75,593.75,-1.21%
"Dec 26, 1980",601,601,601,601,0.00%
"Dec 25, 1980",601,601,601,601,0.00%
"Dec 24, 1980",601,601,601,601,-0.25%
"Dec 23, 1980",602.5,602.5,602.5,602.5,1.30%
"Dec 22, 1980",594.75,594.75,594.75,594.75,3.43%
"Dec 19, 1980",575,575,575,575,0.26%
"Dec 18, 1980",573.5,573.5,573.5,573.5,-0.39%
"Dec 17, 1980",575.75,575.75,575.75,575.75,2.63%
"Dec 16, 1980",561,561,561,561,-3.16%
"Dec 15, 1980",579.3,579.3,579.3,579.3,2.94%
"Dec 12, 1980",562.75,562.75,562.75,562.75,0.85%
"Dec 11, 1980",558,558,558,558,-3.63%
"Dec 10, 1980",579,579,579,579,-4.14%
"Dec 09, 1980",604,604,604,604,-2.15%
"Dec 08, 1980",617.25,617.25,617.25,617.25,0.04%
"Dec 05, 1980",617,617,617,617,-2.30%
"Dec 04, 1980",631.5,631.5,631.5,631.5,0.64%
"Dec 03, 1980",627.5,627.5,627.5,627.5,0.08%
"Dec 02, 1980",627,627,627,627,-1.31%
"Dec 01, 1980",635.3,635.3,635.3,635.3,1.97%
"Nov 28, 1980",623,623,623,623,0.00%
"Nov 27, 1980",623,623,623,623,0.00%
"Nov 26, 1980",623,623,623,623,1.08%
"Nov 25, 1980",616.35,616.35,616.35,616.35,-2.32%
"Nov 24, 1980",631,631,631,631,-0.59%
"Nov 21, 1980",634.75,634.75,634.75,634.75,0.67%
"Nov 20, 1980",630.5,630.5,630.5,630.5,0.12%
"Nov 19, 1980",629.75,629.75,629.75,629.75,1.74%
"Nov 18, 1980",619,619,619,619,1.19%
"Nov 17, 1980",611.75,611.75,611.75,611.75,-0.12%
"Nov 14, 1980",612.5,612.5,612.5,612.5,-1.53%
"Nov 13, 1980",622,622,622,622,0.40%
"Nov 12, 1980",619.5,619.5,619.5,619.5,3.51%
"Nov 11, 1980",598.5,598.5,598.5,598.5,-2.33%
"Nov 10, 1980",612.8,612.8,612.8,612.8,2.82%
"Nov 07, 1980",596,596,596,596,-5.70%
"Nov 06, 1980",632,632,632,632,-3.07%
"Nov 05, 1980",652,652,652,652,1.80%
"Nov 04, 1980",640.5,640.5,640.5,640.5,0.00%
"Nov 03, 1980",640.5,640.5,640.5,640.5,1.83%
"Oct 31, 1980",629,629,629,629,-2.15%
"Oct 30, 1980",642.8,642.8,642.8,642.8,-0.19%
"Oct 29, 1980",644,644,644,644,1.94%
"Oct 28, 1980",631.75,631.75,631.75,631.75,-0.86%
"Oct 27, 1980",637.25,637.25,637.25,637.25,0.67%
"Oct 24, 1980",633,633,633,633,-0.24%
"Oct 23, 1980",634.5,634.5,634.5,634.5,-3.86%
"Oct 22, 1980",660,660,660,660,1.15%
"Oct 21, 1980",652.5,652.5,652.5,652.5,-0.68%
"Oct 20, 1980",657,657,657,657,-2.01%
"Oct 17, 1980",670.5,670.5,670.5,670.5,-0.52%
"Oct 16, 1980",674,674,674,674,-0.63%
"Oct 15, 1980",678.3,678.3,678.3,678.3,1.47%
"Oct 14, 1980",668.5,668.5,668.5,668.5,-2.44%
"Oct 13, 1980",685.25,685.25,685.25,685.25,0.00%
"Oct 10, 1980",685.25,685.25,685.25,685.25,-0.69%
"Oct 09, 1980",690,690,690,690,1.92%
"Oct 08, 1980",677,677,677,677,-0.17%
"Oct 07, 1980",678.15,678.15,678.15,678.15,0.35%
"Oct 06, 1980",675.8,675.8,675.8,675.8,2.32%
"Oct 03, 1980",660.5,660.5,660.5,660.5,-0.79%
"Oct 02, 1980",665.75,665.75,665.75,665.75,-2.38%
"Oct 01, 1980",682,682,682,682,2.29%
"Sep 30, 1980",666.75,666.75,666.75,666.75,-1.84%
"Sep 29, 1980",679.25,679.25,679.25,679.25,-2.72%
"Sep 26, 1980",698.25,698.25,698.25,698.25,0.07%
"Sep 25, 1980",697.75,697.75,697.75,697.75,-1.79%
"Sep 24, 1980",710.5,710.5,710.5,710.5,-0.07%
"Sep 23, 1980",711,711,711,711,0.14%
"Sep 22, 1980",710,710,710,710,5.34%
"Sep 19, 1980",674,674,674,674,0.26%
"Sep 18, 1980",672.25,672.25,672.25,672.25,-0.11%
"Sep 17, 1980",673,673,673,673,0.75%
"Sep 16, 1980",668,668,668,668,0.23%
"Sep 15, 1980",666.5,666.5,666.5,666.5,-2.77%
"Sep 12, 1980",685.5,685.5,685.5,685.5,1.71%
"Sep 11, 1980",674,674,674,674,-1.82%
"Sep 10, 1980",686.5,686.5,686.5,686.5,2.39%
"Sep 09, 1980",670.5,670.5,670.5,670.5,-0.22%
"Sep 08, 1980",672,672,672,672,3.23%
"Sep 05, 1980",651,651,651,651,0.58%
"Sep 04, 1980",647.25,647.25,647.25,647.25,1.65%
"Sep 03, 1980",636.75,636.75,636.75,636.75,-0.51%
"Sep 02, 1980",640,640,640,640,1.39%
"Sep 01, 1980",631.25,631.25,631.25,631.25,0.00%
"Aug 29, 1980",631.25,631.25,631.25,631.25,-0.64%
"Aug 28, 1980",635.3,635.3,635.3,635.3,0.23%
"Aug 27, 1980",633.85,633.85,633.85,633.85,0.80%
"Aug 26, 1980",628.85,628.85,628.85,628.85,-0.93%
"Aug 25, 1980",634.75,634.75,634.75,634.75,-0.70%
"Aug 22, 1980",639.2,639.2,639.2,639.2,-0.94%
"Aug 21, 1980",645.25,645.25,645.25,645.25,1.65%
"Aug 20, 1980",634.75,634.75,634.75,634.75,1.72%
"Aug 19, 1980",624,624,624,624,1.88%
"Aug 18, 1980",612.5,612.5,612.5,612.5,-1.92%
"Aug 15, 1980",624.5,624.5,624.5,624.5,-0.24%
"Aug 14, 1980",626,626,626,626,1.75%
"Aug 13, 1980",615.25,615.25,615.25,615.25,1.69%
"Aug 12, 1980",605,605,605,605,-1.94%
"Aug 11, 1980",617,617,617,617,-2.06%
"Aug 08, 1980",630,630,630,630,0.08%
"Aug 07, 1980",629.5,629.5,629.5,629.5,0.28%
"Aug 06, 1980",627.75,627.75,627.75,627.75,-0.44%
"Aug 05, 1980",630.5,630.5,630.5,630.5,-0.04%
"Aug 04, 1980",630.75,630.75,630.75,630.75,1.41%
"Aug 01, 1980",622,622,622,622,1.26%
"Jul 31, 1980",614.25,614.25,614.25,614.25,-2.34%
"Jul 30, 1980",629,629,629,629,-2.74%
"Jul 29, 1980",646.75,646.75,646.75,646.75,0.51%
"Jul 28, 1980",643.5,643.5,643.5,643.5,-1.27%
"Jul 25, 1980",651.75,651.75,651.75,651.75,1.36%
"Jul 24, 1980",643,643,643,643,1.86%
"Jul 23, 1980",631.25,631.25,631.25,631.25,2.98%
"Jul 22, 1980",613,613,613,613,-0.73%
"Jul 21, 1980",617.5,617.5,617.5,617.5,1.90%
"Jul 18, 1980",606,606,606,606,-3.39%
"Jul 17, 1980",627.25,627.25,627.25,627.25,0.40%
"Jul 16, 1980",624.75,624.75,624.75,624.75,0.85%
"Jul 15, 1980",619.5,619.5,619.5,619.5,-4.69%
"Jul 14, 1980",650,650,650,650,-2.50%
"Jul 11, 1980",666.7,666.7,666.7,666.7,1.55%
"Jul 10, 1980",656.5,656.5,656.5,656.5,-2.16%
"Jul 09, 1980",671,671,671,671,-2.40%
"Jul 08, 1980",687.5,687.5,687.5,687.5,3.00%
"Jul 07, 1980",667.5,667.5,667.5,667.5,0.60%
"Jul 04, 1980",663.5,663.5,663.5,663.5,0.00%
"Jul 03, 1980",663.5,663.5,663.5,663.5,0.30%
"Jul 02, 1980",661.5,661.5,661.5,661.5,0.23%
"Jul 01, 1980",660,660,660,660,0.99%
"Jun 30, 1980",653.5,653.5,653.5,653.5,2.51%
"Jun 27, 1980",637.5,637.5,637.5,637.5,2.08%
"Jun 26, 1980",624.5,624.5,624.5,624.5,0.32%
"Jun 25, 1980",622.5,622.5,622.5,622.5,3.23%
"Jun 24, 1980",603,603,603,603,0.08%
"Jun 23, 1980",602.5,602.5,602.5,602.5,0.00%
"Jun 20, 1980",602.5,602.5,602.5,602.5,0.58%
"Jun 19, 1980",599,599,599,599,-0.58%
"Jun 18, 1980",602.5,602.5,602.5,602.5,1.82%
"Jun 17, 1980",591.75,591.75,591.75,591.75,0.30%
"Jun 16, 1980",590,590,590,590,-3.02%
"Jun 13, 1980",608.4,608.4,608.4,608.4,3.12%
"Jun 12, 1980",590,590,590,590,-1.01%
"Jun 11, 1980",596,596,596,596,-1.32%
"Jun 10, 1980",604,604,604,604,-3.17%
"Jun 09, 1980",623.75,623.75,623.75,623.75,7.22%
"Jun 06, 1980",581.75,581.75,581.75,581.75,0.00%
"Jun 05, 1980",581.75,581.75,581.75,581.75,1.79%
"Jun 04, 1980",571.5,571.5,571.5,571.5,3.44%
"Jun 03, 1980",552.5,552.5,552.5,552.5,-1.60%
"Jun 02, 1980",561.5,561.5,561.5,561.5,4.86%
"May 30, 1980",535.5,535.5,535.5,535.5,3.06%
"May 29, 1980",519.6,519.6,519.6,519.6,-1.31%
"May 28, 1980",526.5,526.5,526.5,526.5,2.27%
"May 27, 1980",514.8,514.8,514.8,514.8,0.69%
"May 26, 1980",511.25,511.25,511.25,511.25,0.00%
"May 23, 1980",511.25,511.25,511.25,511.25,-0.44%
"May 22, 1980",513.5,513.5,513.5,513.5,0.00%
"May 21, 1980",513.5,513.5,513.5,513.5,1.13%
"May 20, 1980",507.75,507.75,507.75,507.75,-1.26%
"May 19, 1980",514.25,514.25,514.25,514.25,-0.44%
"May 16, 1980",516.5,516.5,516.5,516.5,-0.10%
"May 15, 1980",517,517,517,517,-1.52%
"May 14, 1980",525,525,525,525,2.54%
"May 13, 1980",512,512,512,512,-0.24%
"May 12, 1980",513.25,513.25,513.25,513.25,0.98%
"May 09, 1980",508.25,508.25,508.25,508.25,-1.45%
"May 08, 1980",515.75,515.75,515.75,515.75,0.63%
"May 07, 1980",512.5,512.5,512.5,512.5,0.00%
"May 06, 1980",512.5,512.5,512.5,512.5,-0.49%
"May 05, 1980",515,515,515,515,0.49%
"May 02, 1980",512.5,512.5,512.5,512.5,4.59%
"May 01, 1980",490,490,490,490,-5.41%
"Apr 30, 1980",518,518,518,518,0.83%
"Apr 29, 1980",513.75,513.75,513.75,513.75,-2.00%
"Apr 28, 1980",524.25,524.25,524.25,524.25,-4.94%
"Apr 25, 1980",551.5,551.5,551.5,551.5,6.94%
"Apr 24, 1980",515.7,515.7,515.7,515.7,1.82%
"Apr 23, 1980",506.5,506.5,506.5,506.5,0.10%
"Apr 22, 1980",506,506,506,506,0.00%
"Apr 21, 1980",506,506,506,506,-1.86%
"Apr 18, 1980",515.6,515.6,515.6,515.6,0.51%
"Apr 17, 1980",513,513,513,513,-1.35%
"Apr 16, 1980",520,520,520,520,4.52%
"Apr 15, 1980",497.5,497.5,497.5,497.5,-6.09%
"Apr 14, 1980",529.75,529.75,529.75,529.75,-0.14%
"Apr 11, 1980",530.5,530.5,530.5,530.5,0.86%
"Apr 10, 1980",526,526,526,526,-5.05%
"Apr 09, 1980",554,554,554,554,4.92%
"Apr 08, 1980",528,528,528,528,8.70%
"Apr 07, 1980",485.75,485.75,485.75,485.75,0.00%
"Apr 04, 1980",485.75,485.75,485.75,485.75,0.00%
"Apr 03, 1980",485.75,485.75,485.75,485.75,-2.95%
"Apr 02, 1980",500.5,500.5,500.5,500.5,-1.77%
"Apr 01, 1980",509.5,509.5,509.5,509.5,2.93%
"Mar 31, 1980",495,495,495,495,1.02%
"Mar 28, 1980",490,490,490,490,0.98%
"Mar 27, 1980",485.25,485.25,485.25,485.25,-4.48%
"Mar 26, 1980",508,508,508,508,-7.17%
"Mar 25, 1980",547.25,547.25,547.25,547.25,-1.97%
"Mar 24, 1980",558.25,558.25,558.25,558.25,-0.49%
"Mar 21, 1980",561,561,561,561,0.00%
"Mar 20, 1980",561,561,561,561,6.45%
"Mar 19, 1980",527,527,527,527,9.45%
"Mar 18, 1980",481.5,481.5,481.5,481.5,-0.52%
"Mar 17, 1980",484,484,484,484,-7.46%
"Mar 14, 1980",523,523,523,523,-6.02%
"Mar 13, 1980",556.5,556.5,556.5,556.5,-4.99%
"Mar 12, 1980",585.7,585.7,585.7,585.7,2.71%
"Mar 11, 1980",570.25,570.25,570.25,570.25,-2.52%
"Mar 10, 1980",585,585,585,585,-3.94%
"Mar 07, 1980",609,609,609,609,-5.36%
"Mar 06, 1980",643.5,643.5,643.5,643.5,0.00%
"Mar 05, 1980",643.5,643.5,643.5,643.5,1.94%
"Mar 04, 1980",631.25,631.25,631.25,631.25,-4.90%
"Mar 03, 1980",663.75,663.75,663.75,663.75,4.20%
"Feb 29, 1980",637,637,637,637,-1.39%
"Feb 28, 1980",646,646,646,646,1.57%
"Feb 27, 1980",636,636,636,636,-0.97%
"Feb 26, 1980",642.25,642.25,642.25,642.25,4.18%
"Feb 25, 1980",616.5,616.5,616.5,616.5,-2.14%
"Feb 22, 1980",630,630,630,630,-5.26%
"Feb 21, 1980",665,665,665,665,1.95%
"Feb 20, 1980",652.25,652.25,652.25,652.25,0.00%
"Feb 19, 1980",652.25,652.25,652.25,652.25,-2.21%
"Feb 18, 1980",667,667,667,667,0.00%
"Feb 15, 1980",667,667,667,667,-2.20%
"Feb 14, 1980",682,682,682,682,-2.12%
"Feb 13, 1980",696.75,696.75,696.75,696.75,0.32%
"Feb 12, 1980",694.5,694.5,694.5,694.5,-2.25%
"Feb 11, 1980",710.5,710.5,710.5,710.5,2.67%
"Feb 08, 1980",692,692,692,692,-1.04%
"Feb 07, 1980",699.25,699.25,699.25,699.25,-1.38%
"Feb 06, 1980",709,709,709,709,5.86%
"Feb 05, 1980",669.75,669.75,669.75,669.75,0.00%
"Feb 04, 1980",669.75,669.75,669.75,669.75,-1.00%
"Feb 01, 1980",676.5,676.5,676.5,676.5,3.60%
"Jan 31, 1980",653,653,653,653,-5.50%
"Jan 30, 1980",691,691,691,691,2.48%
"Jan 29, 1980",674.25,674.25,674.25,674.25,8.05%
"Jan 28, 1980",624,624,624,624,-6.59%
"Jan 25, 1980",668,668,668,668,-6.83%
"Jan 24, 1980",717,717,717,717,3.17%
"Jan 23, 1980",695,695,695,695,-5.76%
"Jan 22, 1980",737.5,737.5,737.5,737.5,-11.68%
"Jan 21, 1980",835,835,835,835,0.00%
"Jan 18, 1980",835,835,835,835,11.33%
"Jan 17, 1980",750,750,750,750,-1.32%
"Jan 16, 1980",760,760,760,760,11.11%
"Jan 15, 1980",684,684,684,684,3.64%
"Jan 14, 1980",660,660,660,660,5.94%
"Jan 11, 1980",623,623,623,623,3.26%
"Jan 10, 1980",603.35,603.35,603.35,603.35,-0.63%
"Jan 09, 1980",607.2,607.2,607.2,607.2,-0.46%
"Jan 08, 1980",610,610,610,610,-3.79%
"Jan 07, 1980",634,634,634,634,-0.04%
"Jan 04, 1980",634.25,634.25,634.25,634.25,0.00%
"Jan 03, 1980",634.25,634.25,634.25,634.25,13.31%
"Jan 02, 1980",559.75,559.75,559.75,559.75,9.33%
"Jan 01, 1980",512,512,512,512,0.00%
"Dec 28, 1979",512,512,512,512,-0.68%
"Dec 27, 1979",515.5,515.5,515.5,515.5,3.31%
