,predicted_returns,actual_returns
0,-0.1601339727640152,-0.25511826800118664
1,-0.1698036789894104,1.155136383363597
2,-0.1783706396818161,-1.2742516069777283
3,-0.18282288312911987,0.1508916977112746
4,-0.18377570807933807,-0.21469548757859755
5,-0.19066721200942993,0.2916459688159014
6,-0.19536173343658447,0.8608932813318981
7,-0.19603390991687775,-0.6353496034933065
8,-0.19467748701572418,-0.7965507865512418
9,-0.19130101799964905,-2.8204456321389126
10,-0.1900852769613266,-3.515131487191004
11,-0.1886720210313797,-3.820410313342859
12,-0.19197246432304382,-0.4365593151063109
13,-0.2072092592716217,4.239436791820639
14,-0.22060289978981018,2.451707085918021
15,-0.23174627125263214,0.3243466389309945
16,-0.23833510279655457,-1.0730452805232544
17,-0.24092714488506317,-2.939587164658574
18,-0.24212084710597992,2.456372373174776
19,-0.24533319473266602,-0.34694840966467083
20,-0.2368607372045517,-1.0474295552973525
21,-0.23408181965351105,2.73297272651365
22,-0.23601874709129333,-1.1513132770777805
23,-0.22594046592712402,0.8350670929310857
24,-0.22168505191802979,0.5439633880635951
25,-0.2149839699268341,-0.3438181160257739
26,-0.21012672781944275,1.1394713149712747
27,-0.20718082785606384,0.5908876803680123
28,-0.19710682332515717,0.0963331882783304
29,-0.18660150468349457,-1.3633202697519557
30,-0.16852045059204102,0.03563565454987028
31,-0.15000098943710327,-1.4957698274624676
32,-0.1335342526435852,-0.0836706978781025
33,-0.13466686010360718,-0.3842047555928093
34,-0.15673261880874634,-1.0134160499713392
35,-0.17048509418964386,-3.0412842206337323
36,-0.1760258674621582,-0.5865001251994406
37,-0.17758621275424957,2.276578502447868
38,-0.17267994582653046,0.14977666934365988
39,-0.19165414571762085,1.744074138325291
40,-0.19606588780879974,1.5608202667873887
41,-0.19525159895420074,-0.6881011409158975
42,-0.20843848586082458,0.9011540876129981
43,-0.20159102976322174,0.40992532902803774
44,-0.20184043049812317,0.40908407642938893
45,-0.19896061718463898,0.169133058198545
46,-0.19112266600131989,-0.8686381464619085
47,-0.18962769210338593,-0.28686437698718403
48,-0.18580572307109833,1.8242261039392413
49,-0.18003544211387634,0.340646858712668
50,-0.16836413741111755,0.38431482714775805
51,-0.16360920667648315,-0.4994424372424816
52,-0.15286587178707123,-0.836925779109676
53,-0.1498112678527832,1.6513988510173934
54,-0.1461605280637741,2.2725391496316574
55,-0.13984881341457367,0.056446961507905964
56,-0.12504829466342926,-0.09037862879142143
57,-0.12170663475990295,1.3029440528987242
58,-0.13002347946166992,-0.4203536959275116
59,-0.12807661294937134,-0.40439353678699563
60,-0.13302764296531677,1.4523849023002637
61,-0.13661159574985504,0.35068178897961144
62,-0.1302672028541565,-0.05150313131560066
63,-0.1313919872045517,-0.28662719266433506
64,-0.13070133328437805,0.37794198059213363
65,-0.13058552145957947,-1.0067826439264072
66,-0.1303744912147522,-0.23668030266177334
67,-0.1270228773355484,-0.3190920210992545
68,-0.1278570592403412,-1.2224136031734119
69,-0.13909634947776794,-1.5424367601896367
70,-0.14494478702545166,1.1514126834897271
71,-0.15202246606349945,0.028084447102094488
72,-0.1557869017124176,1.7886044308341957
73,-0.15792632102966309,-0.030738846549105824
74,-0.169846311211586,0.6165156407505141
75,-0.1821500062942505,-0.04779589175306623
76,-0.18270279467105865,0.006468991574570884
77,-0.18160785734653473,0.2612301427227903
78,-0.18564726412296295,0.22243102603272163
79,-0.18120285868644714,-0.3676260244031119
80,-0.17687781155109406,0.9325350380309902
81,-0.18041130900382996,-0.6417349542866212
82,-0.1786704957485199,-1.6725892388758221
83,-0.1759192943572998,2.0791983267648413
84,-0.1727588176727295,-0.7868112884511619
85,-0.17307572066783905,-0.0699717347121159
86,-0.16786889731884003,-1.478355541140641
87,-0.1673302948474884,0.4439653919086073
88,-0.16735729575157166,-2.213992962118504
89,-0.16494502127170563,0.38025495609483867
90,-0.16285249590873718,0.8709184180497376
91,-0.173178032040596,1.5168080394211134
92,-0.1775265336036682,-1.3523628773520753
93,-0.18852564692497253,-1.588584423898598
94,-0.1907588690519333,0.931121234546773
95,-0.1955152153968811,0.6478257147489735
96,-0.19661158323287964,0.8962073265295744
97,-0.19702936708927155,0.050735105534704464
98,-0.1974855363368988,-0.14855926529261435
99,-0.19679276645183563,1.3281062627029654
100,-0.19252029061317444,-0.8240081811095038
101,-0.1933303028345108,-1.1536058286263142
102,-0.1871201992034912,-2.083318696691961
103,-0.1780402511358261,-0.23780245459439392
104,-0.18718770146369934,-1.1381213264200278
105,-0.18487562239170074,-3.0259896496272596
106,-0.18839064240455627,-0.9766707527580022
107,-0.18842190504074097,-0.12144914952514411
108,-0.1991439312696457,1.0334150263758168
109,-0.19895422458648682,-3.4114937015775966
110,-0.21135880053043365,1.9650632081901873
111,-0.2251347154378891,-2.7427969230769174
112,-0.24070900678634644,-0.255540417325495
113,-0.24274469912052155,-0.11749637076319219
114,-0.24358029663562775,0.008276915548344569
115,-0.25458085536956787,2.663651995466186
116,-0.26148656010627747,-1.5832517830596036
117,-0.26677724719047546,1.0884097442535043
118,-0.2656751871109009,-2.1783535522293844
119,-0.26226744055747986,0.8618798002821386
120,-0.2642001211643219,2.380244765786999
121,-0.25476986169815063,0.13914155395429217
122,-0.2428910732269287,-2.2383471319641908
123,-0.22714056074619293,-0.2813836870299906
124,-0.22060219943523407,0.11810704411019345
125,-0.21086852252483368,-3.2468781895427234
126,-0.19526652991771698,-1.8195642245537929
127,-0.19231069087982178,-0.34993251240154055
128,-0.19572696089744568,0.34740952438037115
129,-0.20562617480754852,-0.3910271666990202
130,-0.19697536528110504,1.6562590719071617
131,-0.2124658226966858,2.2697400193012025
132,-0.20515082776546478,2.2114739281345006
133,-0.2067069113254547,-1.0260124346535449
134,-0.20597505569458008,0.3763785248312335
135,-0.2033425122499466,1.4692132947828007
136,-0.20970110595226288,-1.466539192999605
137,-0.19557419419288635,0.8666390809982658
138,-0.1931050717830658,0.8715327354538392
139,-0.17602160573005676,0.18048142045439305
140,-0.17300252616405487,-0.708424594363699
141,-0.17654810845851898,2.888357646918061
142,-0.16958625614643097,0.29469088432281215
143,-0.15256033837795258,0.08504450094473062
144,-0.1452176421880722,0.20393544997194862
145,-0.14011171460151672,-0.18592289120705768
146,-0.12150626629590988,-1.2622561673657944
147,-0.11196302622556686,0.5498182327489548
148,-0.11082616448402405,-0.26141921080143904
149,-0.11401008069515228,1.851289018652081
150,-0.11448471993207932,0.038108483744570085
151,-0.12380485236644745,-0.4549176886009423
152,-0.13498446345329285,0.7465163266263678
153,-0.14482258260250092,0.23132006504369443
154,-0.1399802565574646,0.43266408908846427
155,-0.14150294661521912,0.2756709782856914
156,-0.14729879796504974,0.2659676532910542
157,-0.13996177911758423,-1.0950645896164117
158,-0.143523707985878,0.0973007623058967
159,-0.14722420275211334,-0.14056690059703925
160,-0.1482587456703186,1.6747135356678602
161,-0.1456560343503952,0.467747037166855
162,-0.15824393928050995,0.011501861575590832
163,-0.15819065272808075,0.9176861730991299
164,-0.15671557188034058,-0.46271337336846163
165,-0.15552115440368652,-0.9785688480356775
166,-0.15296109020709991,1.5852837718526303
167,-0.14619605243206024,-1.470315214822671
168,-0.14824452996253967,0.047847502233077925
169,-0.14731088280677795,-0.35644494309680075
170,-0.1561712920665741,0.8004705338780397
171,-0.15699836611747742,1.5461553545193636
172,-0.15560641884803772,-0.030920864291262316
173,-0.15906816720962524,-0.155076675533506
174,-0.15960462391376495,0.44145064518956745
175,-0.16053755581378937,-0.39697303479835344
176,-0.16050700843334198,0.15788024032510384
177,-0.16039331257343292,-0.04526449492959802
178,-0.1546621173620224,-0.8018810750223367
179,-0.15506215393543243,-0.21278947465890347
180,-0.15511544048786163,-0.1534022893174286
181,-0.16357439756393433,-0.5142841470969554
182,-0.16687414050102234,-1.1895626358751406
183,-0.16903772950172424,-0.6228588858754545
184,-0.17611539363861084,0.8843308611608872
185,-0.17751657962799072,-1.1285649206462358
186,-0.17745618522167206,-0.7889636906069593
187,-0.1891210824251175,-0.1809340692926154
188,-0.18734616041183472,0.40428129695806464
189,-0.1925814002752304,0.2966497022318875
190,-0.19545410573482513,1.2561533593230532
191,-0.20211398601531982,-1.022685455698314
192,-0.21031856536865234,-0.49068230213482594
193,-0.21025177836418152,-0.41478853439521646
194,-0.20924778282642365,1.2247499373514
195,-0.2102489322423935,-1.2507691717195686
196,-0.2071858048439026,0.4960024661971879
197,-0.20647242665290833,-0.5610816215570684
198,-0.20479413866996765,1.2101838418407063
199,-0.19965623319149017,-0.07925833731493588
200,-0.19706347584724426,1.999258847416518
201,-0.19391010701656342,0.6959403420117032
202,-0.18809719383716583,0.14055234760013144
203,-0.17861223220825195,0.6473167829281312
204,-0.171238973736763,0.2949185162663297
205,-0.16991452872753143,0.0848858674736169
206,-0.1594170331954956,0.38588243727599686
207,-0.15103553235530853,-0.5801198021218484
208,-0.1461583971977234,0.5298904383598253
209,-0.1445198953151703,-0.14007581554626938
210,-0.1430526226758957,0.25979013452912497
211,-0.14630547165870667,-0.3220337463376799
212,-0.14026661217212677,-1.2920996262719147
213,-0.13831475377082825,-0.9420654776645001
214,-0.13853217661380768,-0.10085998918224504
215,-0.14731799066066742,-0.17796098619863307
216,-0.1462763398885727,0.20661613790386982
217,-0.1539004147052765,-0.9201406569708022
218,-0.15731455385684967,0.7680730572874764
219,-0.16839611530303955,0.1354046041583294
220,-0.17298121750354767,-0.21553385189084723
221,-0.18568137288093567,1.587319229715444
222,-0.19073258340358734,-4.115242592627677
223,-0.19301411509513855,-2.4116508456350823
224,-0.1985449492931366,2.120610504243414
225,-0.20308244228363037,1.8623679006670952
226,-0.2063082903623581,1.3269848197938967
227,-0.20946237444877625,0.4109283168277853
228,-0.20656336843967438,-0.8158221565107927
229,-0.20721209049224854,0.7518350937568249
230,-0.2035137414932251,0.3632294971427587
231,-0.20058490335941315,1.6393852955674189
232,-0.193940669298172,0.6431695806336628
233,-0.18228429555892944,0.6851503828968266
234,-0.1718699336051941,-0.34024401827716955
235,-0.16507576406002045,0.5659530001256735
236,-0.15795332193374634,-0.08879939745669581
237,-0.15291206538677216,0.5207172316693541
238,-0.14359618723392487,-0.38391047129041683
239,-0.14273928105831146,1.0634655070168593
240,-0.1395851969718933,-0.3149409411466125
241,-0.13572342693805695,0.5175556181084444
242,-0.14030355215072632,-0.04961163811735218
243,-0.12083764374256134,0.24364110939907374
244,-0.11140098422765732,0.5823867699074284
245,-0.12238733470439911,0.29514555646734614
246,-0.13132590055465698,0.13869894796370058
247,-0.13718287646770477,0.42754274883092214
248,-0.1385996788740158,-0.8963815680733014
249,-0.13505978882312775,0.42840425802215193
250,-0.13893577456474304,0.12616460722390027
251,-0.1411789357662201,1.0620879167674953
252,-0.1486232429742813,-0.15284038331196917
253,-0.15104475617408752,0.23670652765344147
254,-0.15331919491291046,-0.39996138306897033
255,-0.15113499760627747,0.4576704295642835
256,-0.15313872694969177,0.08588162887619369
257,-0.15229389071464539,0.5566691108997773
258,-0.1541164219379425,-0.6634364154319505
259,-0.15210986137390137,0.029658703196066675
260,-0.15672409534454346,0.21974551141588056
261,-0.1553257554769516,-0.03377802225323889
262,-0.15789364278316498,0.11874310643613678
263,-0.15805280208587646,0.2951603498978496
264,-0.15957903861999512,-0.8058838719451228
265,-0.16268835961818695,-0.10521410934868297
266,-0.1646856814622879,0.12892304110738778
267,-0.16621902585029602,0.256952706698388
268,-0.16907112300395966,-0.1785025764958876
269,-0.16623465716838837,-0.18705796033086053
270,-0.1695251613855362,0.26835133416667195
271,-0.17128728330135345,0.4340736486440956
272,-0.17668524384498596,0.4954428557788491
273,-0.1759839504957199,0.15201206546095972
274,-0.17651329934597015,-0.4627274620519039
275,-0.17396247386932373,-2.539601339066221
276,-0.17589016258716583,1.6773602810684844
277,-0.17655877768993378,-1.0867484830100798
278,-0.179806649684906,0.35924581737063493
279,-0.1780914068222046,1.4674003812794152
280,-0.1794641613960266,-0.09753179821176973
281,-0.18111403286457062,-0.18190317452432253
282,-0.18107211589813232,0.12073117555337937
283,-0.18124477565288544,1.0270269490401103
284,-0.18146291375160217,0.8373623281218383
285,-0.1760351061820984,-0.6324542257264532
286,-0.17341038584709167,-0.9095748197709868
287,-0.17183654010295868,0.9171624644809254
288,-0.17084676027297974,0.2420004880474119
289,-0.16800105571746826,-0.9288227958974548
290,-0.1656491756439209,0.8132260193192802
291,-0.1656697690486908,-0.20952339984938703
292,-0.16660341620445251,-0.2114739797915429
293,-0.1679939478635788,0.49832811981502806
294,-0.16797618567943573,-0.17249600199963394
295,-0.1655518263578415,-0.2722932762967195
296,-0.15493851900100708,0.6853227396193873
297,-0.16342802345752716,-1.5365913858156115
298,-0.15980498492717743,-0.1480909078168779
299,-0.16336408257484436,-0.490357774964179
300,-0.1719992458820343,0.015922222218445116
301,-0.1738196462392807,-0.27502668830565685
302,-0.17573881149291992,0.8465681790900347
303,-0.17896607518196106,0.049015837181620545
304,-0.18556199967861176,-0.08729927443362714
305,-0.19035173952579498,0.29703030751315795
306,-0.187954381108284,0.9972643697896185
307,-0.1838972121477127,-0.49775935598216353
308,-0.1872907280921936,-0.62705611186954
309,-0.18703778088092804,-0.653296018477912
310,-0.18188071250915527,-0.49597900167457404
311,-0.1850639134645462,-0.01849600165457725
312,-0.1840883493423462,-0.6852784480890443
313,-0.1839057356119156,-0.93159033668555
314,-0.1876879185438156,-0.9236905894091321
315,-0.18938398361206055,-0.23802022035952491
316,-0.1916278600692749,2.373979756189958
317,-0.19787420332431793,0.528831076261316
318,-0.19338643550872803,1.1086877495801502
319,-0.19396765530109406,-0.8049791836095113
320,-0.1917138397693634,0.5435044359513693
321,-0.19057129323482513,-0.35725737075301645
322,-0.1873219907283783,1.096508816391584
323,-0.18814906477928162,0.35938829141437495
324,-0.18449336290359497,0.7439709366881427
325,-0.17962971329689026,-0.23360552267352952
326,-0.17614524066448212,0.8897869041325278
327,-0.1752776801586151,0.32577186677071834
328,-0.1675434708595276,-0.10526463926110408
329,-0.1597808301448822,0.33898587917113915
330,-0.15265129506587982,-0.557701603932026
331,-0.1472504884004593,0.20693343362698824
332,-0.14495545625686646,-1.0453639982636158
333,-0.14102759957313538,-1.3631606445322908
334,-0.1380419135093689,0.08645865575940226
335,-0.13712674379348755,1.0130095419738525
336,-0.14044353365898132,0.45414130595711155
337,-0.15498541295528412,1.1393168198012174
338,-0.16008210182189941,0.4375444592242822
339,-0.1664421260356903,0.5009845697230507
340,-0.16312605142593384,-0.5870137019009961
341,-0.1651340276002884,0.9476149576802982
342,-0.16237004101276398,-0.4970900561011121
343,-0.16552269458770752,0.37118633813575375
344,-0.16486331820487976,-0.36082981292112565
345,-0.16581542789936066,0.3729848747902056
346,-0.16257183253765106,0.4855756597688551
347,-0.16441993415355682,-0.22811637498930679
348,-0.16375629603862762,-0.4388295788790073
349,-0.16166090965270996,0.2803165391808584
350,-0.16205455362796783,0.45307349066692193
351,-0.1588812917470932,-0.890759307173239
352,-0.15975667536258698,-0.11896926630962114
353,-0.15585866570472717,-0.9014896367019571
354,-0.15197201073169708,0.8537792209922571
355,-0.15532931685447693,0.8826527019592852
356,-0.1623941957950592,0.1997433083804845
357,-0.16613517701625824,0.6035072970198337
358,-0.1718166470527649,0.1948858531698021
359,-0.1732185333967209,0.36154467492288694
360,-0.1739795207977295,0.21308468889533774
361,-0.1693524867296219,-0.2904508422463923
362,-0.1712602823972702,0.48003478828655444
363,-0.1665046513080597,-0.634900867888854
364,-0.1659284085035324,0.30548378529187087
365,-0.1624680906534195,-0.2802520726584155
366,-0.16281625628471375,0.2752667792756069
367,-0.1639360636472702,-0.04302421217895545
368,-0.1622648686170578,0.8647675017236401
369,-0.15999257564544678,0.9887569878309403
370,-0.16069671511650085,-0.020502092023877993
371,-0.16159199178218842,0.09901734030974768
372,-0.1562999039888382,-0.8315077743304315
373,-0.15482980012893677,0.01924000362514214
374,-0.15048770606517792,0.49618708458352195
375,-0.15427131950855255,-0.11430280297407582
376,-0.15802153944969177,0.5423835907588658
377,-0.1586034744977951,-0.05682628708479939
378,-0.16089922189712524,0.1884049821647254
379,-0.16125591099262238,0.14504160374748706
380,-0.16228193044662476,0.5759835964562983
381,-0.16242758929729462,0.33156797190010373
382,-0.1601751744747162,0.5202197824021538
383,-0.16103705763816833,0.322865931163951
384,-0.1566551774740219,0.6376078131728575
385,-0.1561933308839798,-0.07801505034897835
386,-0.15289074182510376,0.407232736574792
387,-0.15195780992507935,0.46878036499202774
388,-0.14947447180747986,-0.0906982129602058
389,-0.15093107521533966,-0.4286248662940912
390,-0.15290424227714539,0.16794236310084762
391,-0.15075130760669708,0.2838145937948291
392,-0.1497359573841095,-0.6219819787021799
393,-0.14553169906139374,1.3490799801552762
394,-0.14572779834270477,-0.7250906848194288
395,-0.14828290045261383,0.16259046154947238
396,-0.14836248755455017,-0.3674117276327598
397,-0.15166790783405304,-0.2607202982491958
398,-0.15266621112823486,0.062044434725838364
399,-0.1551559418439865,0.02158874942568232
400,-0.15767763555049896,0.3925443843591172
401,-0.16200552880764008,0.23968700448395705
402,-0.1648682802915573,-0.3226799113268616
403,-0.16822487115859985,0.7381135547802177
404,-0.17018310725688934,0.01203313571009872
405,-0.1729535013437271,0.0040712384426378045
406,-0.17210938036441803,0.008977885104210529
407,-0.17318229377269745,-1.824945580614401
408,-0.17478668689727783,0.479994384122495
409,-0.17441792786121368,-0.06785366163212302
410,-0.17324340343475342,0.18994296898024965
411,-0.17516113817691803,0.19952652774197727
412,-0.17757555842399597,0.5953393244512162
413,-0.17578713595867157,0.3814320591073234
414,-0.1821173131465912,0.2846951624853713
415,-0.1783805936574936,-0.043954356167685324
416,-0.17823706567287445,-0.28857929010283034
417,-0.1754801720380783,0.06666497388612076
418,-0.17325903475284576,-0.5786089229953278
419,-0.17272542417049408,0.24674336086658627
420,-0.1722550392150879,-0.019393530514510413
421,-0.17360791563987732,0.05308298445645453
422,-0.17435112595558167,-0.24078088969304803
423,-0.17286965250968933,-0.5217498537636536
424,-0.17642661929130554,-0.5313468645667507
425,-0.1770973652601242,0.8895573391172866
426,-0.1779969036579132,-0.12498013333682707
427,-0.17897246778011322,0.23180851430320035
428,-0.1720731407403946,0.9167615033700559
429,-0.17530396580696106,-0.1057968223841859
430,-0.17533522844314575,1.240158289828441
431,-0.17557254433631897,0.6963847713607367
432,-0.17467015981674194,-0.004319217024573484
433,-0.1744299978017807,0.3935113029494671
434,-0.17232893407344818,-0.021988613095391192
435,-0.16933970153331757,0.727398691326586
436,-0.16469135880470276,0.0618888131090233
437,-0.15912429988384247,-0.3743876345811195
438,-0.1556462049484253,0.04594509867508199
439,-0.15009193122386932,0.41841152351507216
440,-0.14898064732551575,0.031150054630769194
441,-0.14726611971855164,0.29380118737845073
442,-0.1464177370071411,0.13969720595443683
443,-0.14476360380649567,-0.21504119183757256
444,-0.1425303816795349,0.08616830446253049
445,-0.1409664899110794,0.4646115583456733
446,-0.14586280286312103,0.3284760849966211
447,-0.14609657227993011,-2.571040880794595
448,-0.14863745868206024,0.7301263514932539
449,-0.15473031997680664,0.47183648496480496
450,-0.15656778216362,0.8205519733044616
451,-0.16410090029239655,0.08298270683395642
452,-0.1684224009513855,0.39601250351368794
453,-0.16897164285182953,0.6853741487602651
454,-0.17052772641181946,0.07945154894262192
455,-0.16948039829730988,-0.11271796944222244
456,-0.17115938663482666,-0.0752825730699232
457,-0.16949744522571564,0.7793805270310378
458,-0.16581685841083527,0.9439944141858223
459,-0.1637527346611023,-0.1604812920317553
460,-0.16297754645347595,-0.3275280259408037
461,-0.1604224443435669,0.35569100200063486
462,-0.15918397903442383,0.3871432794742666
463,-0.15739768743515015,-1.800761943094675
464,-0.15489375591278076,-0.5228798278303686
465,-0.15502804517745972,0.7272358056504833
466,-0.15776289999485016,-0.40962160644373286
467,-0.16056740283966064,-0.4744254756749003
468,-0.15180504322052002,-0.22285676749657035
469,-0.15887205302715302,1.418293355378086
470,-0.16439791023731232,-0.8171165443243694
471,-0.17091567814350128,0.7420845017797711
472,-0.1734224557876587,0.04394879513469582
473,-0.17659571766853333,0.45793616918883334
474,-0.18006812036037445,-0.2888966601492298
475,-0.1800738126039505,-1.6092103851680475
476,-0.17933058738708496,1.4282652470614547
477,-0.178811177611351,-1.4445642129163772
478,-0.18225231766700745,-0.06396406352690057
479,-0.18646366894245148,-0.49442649502237135
480,-0.18612688779830933,0.6677480025732765
481,-0.1855037361383438,-0.9982328222001516
482,-0.1882975697517395,1.044757949103148
483,-0.19101963937282562,0.3788356189828202
484,-0.18391427397727966,0.2737791432361418
485,-0.18252728879451752,1.0958635805941024
486,-0.1856636106967926,0.2119415247519912
487,-0.18254363536834717,0.6061142405953129
488,-0.17831024527549744,0.03104903363095851
489,-0.17456002533435822,0.4731999906114839
490,-0.1772153079509735,0.6419922674211206
491,-0.16923880577087402,0.0776809694176487
492,-0.16805221140384674,-0.03521126760563992
493,-0.16364829242229462,0.361004406872545
494,-0.16128432750701904,0.021212030733775266
495,-0.15603630244731903,0.16499996301875294
496,-0.14599141478538513,-0.6315061149819056
497,-0.15040811896324158,-0.1176675258715784
498,-0.14297659695148468,-0.41664927912769
499,-0.1431833654642105,0.23345216736387933
500,-0.1425083577632904,-0.0045582545598282995
501,-0.14762280881404877,-0.350640980466133
502,-0.14595232903957367,0.17696551409018835
503,-0.15368014574050903,0.5071188920642956
504,-0.15805067121982574,-0.2084984101604621
505,-0.161631777882576,-0.2845929981664003
506,-0.16839540004730225,-2.1324452498011293
507,-0.1714095026254654,0.6384232138205272
508,-0.17652608454227448,1.3373150774704354
509,-0.17887867987155914,-0.11387937066599176
510,-0.1827084869146347,0.19106392453336402
511,-0.18645727634429932,-1.9416481299781807
512,-0.18750673532485962,-0.08647458521740024
513,-0.18834587931632996,-0.054691316821220165
514,-0.19120366871356964,1.3576103926427492
515,-0.1922481656074524,-0.30281674670762326
516,-0.1934908926486969,-0.11276864403696513
517,-0.19087113440036774,-0.09072941352522601
518,-0.19039791822433472,0.2773839962076475
519,-0.18834161758422852,0.3003351404250235
520,-0.18880346417427063,1.0539682627920264
521,-0.18743355572223663,0.9476626678173395
522,-0.1836279183626175,0.10375291021993456
523,-0.181316539645195,-0.9286276426487827
524,-0.17995087802410126,0.27825332463962177
525,-0.17533166706562042,0.07132546299049017
526,-0.17078138887882233,-0.5889487487387267
527,-0.159193217754364,1.1331395079164703
528,-0.16077913343906403,0.34233721586300864
529,-0.1651134192943573,0.09156956619289475
530,-0.1627480387687683,-0.48156266741569076
531,-0.16203252971172333,0.3016004897240739
532,-0.15257668495178223,0.09568039851757182
533,-0.1522420197725296,0.10348659039425279
534,-0.15229886770248413,-0.08171372326112256
535,-0.15852601826190948,-0.5165720441406394
536,-0.15747158229351044,0.06585995959416127
537,-0.1578090935945511,-0.8764708240284194
538,-0.15891610085964203,0.1502264662198268
539,-0.1621781885623932,1.1457331510911217
540,-0.16544808447360992,0.002950896243225771
541,-0.17149050533771515,0.6587137843402817
542,-0.1760272979736328,0.31958716070665844
543,-0.1758866012096405,0.23001978764558606
544,-0.17072738707065582,0.04470379146401773
545,-0.1706499308347702,0.7763252228251808
546,-0.16904056072235107,0.07319741214268967
547,-0.1642259657382965,-0.1585722350666123
548,-0.16682368516921997,0.11429070832478208
549,-0.16560369729995728,0.24744476071196767
550,-0.1633789986371994,-0.1823267690187476
551,-0.1590944528579712,0.21679462683512646
552,-0.158796027302742,0.27551841619881623
553,-0.15784746408462524,-0.005130495169080845
554,-0.15724633634090424,0.008455430786158707
555,-0.15617983043193817,-0.2890965333041893
556,-0.15377962589263916,0.3630541635285534
557,-0.1544468253850937,-0.6368895730449188
558,-0.15156488120555878,0.17611047898054014
559,-0.15383078157901764,-0.5234584299403603
560,-0.16061429679393768,-0.10847404285249089
561,-0.16243256628513336,2.203672624772035
562,-0.16669152677059174,-0.03431899493985221
563,-0.16852684319019318,0.42857340791919735
564,-0.16904127597808838,-0.16558685442594812
565,-0.168047234416008,-0.02367061638810461
566,-0.1697610467672348,0.737162214925613
567,-0.16781559586524963,0.3252301771009319
568,-0.16461533308029175,-0.2749623685205703
569,-0.1626386195421219,0.31532249390411327
570,-0.16129499673843384,-0.5754841765454712
571,-0.15844786167144775,0.013187102698708845
572,-0.15798458456993103,0.09865525479721923
573,-0.15827661752700806,-0.2919672770491324
574,-0.1579170972108841,-0.469883738484666
575,-0.15838605165481567,1.2984991300065913
576,-0.15792562067508698,-0.15456428239807293
577,-0.16043879091739655,0.11676495888064381
578,-0.15850825607776642,1.0568853538464482
579,-0.1599200963973999,0.07110961364145166
580,-0.1577778309583664,0.3174479484824523
581,-0.15710991621017456,-0.15444750534262583
582,-0.16582466661930084,0.49196401117692695
583,-0.16375771164894104,-1.2726438979382086
584,-0.16396163403987885,0.7265129484785855
585,-0.16184210777282715,-0.38377197129010354
586,-0.1609276384115219,-1.054673668331352
587,-0.164076030254364,-0.19423523398346434
588,-0.1660875678062439,0.20954572664444499
589,-0.16621048748493195,0.5380448208263562
590,-0.16935107111930847,0.3998366998747335
591,-0.16853679716587067,0.5116899159202986
592,-0.17008505761623383,-0.18560153271280935
593,-0.17148126661777496,0.1964347530532649
594,-0.17068049311637878,-0.28025859603979547
595,-0.16894322633743286,1.1675044885697934
596,-0.17433762550354004,0.8387373510546189
597,-0.17217403650283813,-0.4418974923233738
598,-0.17067764699459076,-0.041501999028260066
599,-0.17282062768936157,0.06320826473147355
600,-0.1702854335308075,-0.07752509714084087
601,-0.16902422904968262,-0.34066231893370497
602,-0.16613802313804626,0.04454631825554462
603,-0.16669152677059174,0.15592710896492631
604,-0.16014108061790466,-0.6729344065492301
605,-0.16337332129478455,1.4994048278572427
606,-0.1617824137210846,0.8367449773795994
607,-0.15729039907455444,0.17522211888885186
608,-0.15645551681518555,0.8286330527985447
609,-0.15669070184230804,0.29187840959499284
610,-0.1574772596359253,0.08648321359485636
611,-0.15690527856349945,-0.13973814616441407
612,-0.15645195543766022,0.813719058206552
613,-0.15275147557258606,0.6833302661639841
614,-0.15066036581993103,-0.5146647692809151
615,-0.1466507911682129,1.0325726132934585
616,-0.14900267124176025,-0.03055487136274197
617,-0.14961445331573486,0.55276593605984
618,-0.14467407763004303,0.9766383849073581
619,-0.14173386991024017,0.7054541560540087
620,-0.13915817439556122,-0.6062764284438309
621,-0.1361369639635086,-0.052594354853097054
622,-0.13252955675125122,1.2765864184355096
623,-0.1310175359249115,-0.5230676385685527
624,-0.13037164509296417,-0.8575597971031913
625,-0.12699304521083832,0.1215808759269293
626,-0.13397763669490814,-0.34568152473104563
627,-0.13843271136283875,-1.9619877805417743
628,-0.1412130445241928,-3.7760294248233017
629,-0.1492961347103119,2.1291634564573276
630,-0.1567816436290741,-0.8979901860437176
631,-0.1647162288427353,-3.897059049790442
632,-0.1735425442457199,1.4361484126036441
633,-0.18758347630500793,1.563311945203916
634,-0.2003980278968811,0.451876051656442
635,-0.20647314190864563,1.8551389438530295
636,-0.21688678860664368,1.5791721445481248
637,-0.21904611587524414,-0.23372320257547605
638,-0.22058513760566711,-0.07127808868262528
639,-0.22115711867809296,-0.22227522554131324
640,-0.21845991909503937,-0.1127719125402546
641,-0.209041029214859,1.7655853915043096
642,-0.2016194462776184,1.145772848796245
643,-0.1991332769393921,-1.2276541742296534
644,-0.18829330801963806,-0.7822318338607915
645,-0.17709310352802277,-1.271134096810711
646,-0.1720965951681137,1.0766577727192808
647,-0.1666126549243927,1.0035980642500997
648,-0.15552613139152527,0.5633806987279223
649,-0.1383737325668335,0.33423905803329224
650,-0.14811734855175018,0.4231685075636539
651,-0.143876850605011,1.7886477495424378
652,-0.12687082588672638,0.36384679399865677
653,-0.13326922059059143,-1.0188033687706155
654,-0.13897769153118134,-0.1890519043694523
655,-0.13932940363883972,-0.2010164974355683
656,-0.14584575593471527,0.003341468591267388
657,-0.1510305553674698,-1.8410876744269224
658,-0.14921370148658752,0.2731333720148882
659,-0.14970539510250092,-0.2581340589514315
660,-0.15092752873897552,-2.4316243749622717
661,-0.15442906320095062,-2.428045478891772
662,-0.16813676059246063,3.258699746188309
663,-0.1794201135635376,-2.932328868151024
664,-0.1810387223958969,-0.8500740995754817
665,-0.18597553670406342,1.6436384366142365
666,-0.18907275795936584,-2.7370487886621224
667,-0.20252183079719543,1.0357849177034852
668,-0.21447238326072693,1.4526150958198198
669,-0.22257819771766663,0.48905715289888674
670,-0.22740915417671204,-2.281336900729969
671,-0.23102295398712158,0.5094637930266538
672,-0.23908613622188568,2.07126506374038
673,-0.23867473006248474,-0.35620174921547904
674,-0.23077425360679626,1.007496320798151
675,-0.2255219668149948,-0.4705731311928966
676,-0.2192876935005188,0.6983583500579378
677,-0.2132602035999298,1.7442067212301022
678,-0.19845257699489594,0.19420329084451923
679,-0.19278888404369354,-0.7838011246498517
680,-0.1845182180404663,-1.2700941308948173
681,-0.1678887903690338,-0.24530459545243402
682,-0.15384143590927124,-1.7008949630098915
683,-0.16683007776737213,-0.05151539382954897
684,-0.15394660830497742,1.6411222883741194
685,-0.15256603062152863,0.015728041888629852
686,-0.16254624724388123,-0.7518439628373731
687,-0.15352950990200043,0.9117989380202037
688,-0.16162894666194916,-0.4179153825720643
689,-0.1706179678440094,-0.17955470681130245
690,-0.174538716673851,1.7137083255776906
691,-0.16582325100898743,0.7710509444030182
692,-0.1688814014196396,0.023260731748586644
693,-0.1770646721124649,1.004696018723283
694,-0.17283625900745392,0.8863876752880584
695,-0.173423171043396,-0.028228769857385257
696,-0.16649258136749268,0.11400888753283452
697,-0.16440004110336304,-0.8053888162632858
698,-0.16670289635658264,0.6348241511439532
699,-0.1622336059808731,-0.213962537572498
700,-0.15446032583713531,-0.38104279706870864
701,-0.14619675278663635,0.5398199681020837
702,-0.14390882849693298,-0.2107113015053168
703,-0.1365106999874115,0.6437657756641402
704,-0.13746637105941772,-0.020600501592160658
705,-0.14584149420261383,0.12687737343737346
706,-0.14675737917423248,-0.5012241773616815
707,-0.14475934207439423,0.8904150749067915
708,-0.15018004179000854,-0.27243167416542985
709,-0.14956825971603394,1.5077687437976106
710,-0.14975868165493011,0.6900662595061173
711,-0.15720300376415253,0.4128057225173621
712,-0.1589978188276291,0.6727063853174678
713,-0.15647967159748077,-0.7044962616784005
714,-0.15776929259300232,0.13673669318887635
715,-0.1581515669822693,0.1886127994254803
716,-0.1546088308095932,0.5725882872590794
717,-0.15208853781223297,-0.10501122121768837
718,-0.14614346623420715,0.8490435222834107
719,-0.14700037240982056,-0.18889421941301565
720,-0.14431382715702057,0.008389751210446746
721,-0.14147666096687317,-0.2767504655979527
722,-0.14327219128608704,0.7238272174574287
723,-0.14206284284591675,-0.8810574433711913
724,-0.14514018595218658,-0.2609944378099474
725,-0.14583580195903778,-2.090391581748818
726,-0.14848610758781433,0.3932564869167714
727,-0.14971961081027985,-1.5413317869739425
728,-0.15842655301094055,0.7870982902274283
729,-0.16269546747207642,0.08821843208577425
730,-0.17488545179367065,0.7641523972424127
731,-0.18250669538974762,-0.8591792146205202
732,-0.18811851739883423,1.1164059577563277
733,-0.19373390078544617,1.343978111372523
734,-0.19176997244358063,0.881979930670629
735,-0.1919490247964859,0.0386787334593742
736,-0.19062457978725433,-0.5489010584808216
737,-0.18974991142749786,1.3906373511836538
738,-0.18480812013149261,0.026330254150575147
739,-0.18334440886974335,-0.2588783136652008
740,-0.17694175243377686,0.6328679563106783
741,-0.17159920930862427,-0.008659014628287102
742,-0.16540829837322235,-0.3710020856851794
743,-0.16427142918109894,-0.06516823798548037
744,-0.15688396990299225,0.2771018830675764
745,-0.15347835421562195,-0.014028503196139882
746,-0.14332334697246552,1.1665973337654514
747,-0.14507268369197845,-1.0092994619204543
748,-0.13889597356319427,-1.4615081598708393
749,-0.1441461443901062,-1.3883170757550631
750,-0.1474323868751526,0.547706933158598
751,-0.15470759570598602,0.4627342487155458
752,-0.15545862913131714,1.2377878802700033
753,-0.16476383805274963,0.11944374402252912
754,-0.17377203702926636,0.6102195392468251
755,-0.1791628897190094,0.3051012186631174
756,-0.17947624623775482,0.05923545545587441
757,-0.1763562709093094,0.04373177803018713
758,-0.18096695840358734,-0.6674023279274792
759,-0.17889076471328735,-0.24747582747329852
760,-0.17580631375312805,0.6545022290501468
761,-0.17683446407318115,-1.2294672942402938
762,-0.1754048615694046,0.41676617433719154
763,-0.1730593740940094,0.12566493104311277
764,-0.1726643145084381,0.05987065481243238
765,-0.17404915392398834,0.487918531516129
766,-0.1741081327199936,0.3808312620422921
767,-0.17895826697349548,-0.13487136514719353
768,-0.17381040751934052,0.8570205260195254
769,-0.1669011414051056,0.9051107878577771
770,-0.1603684425354004,0.1514129279285741
771,-0.16191954910755157,0.9918991887108765
772,-0.16195720434188843,-0.26301964878042733
773,-0.16442206501960754,0.26185996121277394
774,-0.1612786501646042,-0.2255373166917155
775,-0.16027963161468506,-1.1874565487409279
776,-0.15848125517368317,-0.9060463092931845
777,-0.15688253939151764,-0.2548356570395199
778,-0.15677596628665924,0.27358440315774524
779,-0.15500245988368988,0.60965525745238
780,-0.1561400294303894,-0.2287902558190997
781,-0.1616133153438568,0.7477779891901016
782,-0.15876404941082,-0.04579554311123763
783,-0.1631438136100769,-1.4263349426935406
784,-0.16606839001178741,0.7639491894042123
785,-0.16856664419174194,-0.07629135475148949
786,-0.17266716063022614,0.9835163171056702
787,-0.17556828260421753,-0.5140612451662758
788,-0.1756500005722046,0.07875385667031079
789,-0.1796005815267563,0.1779027929815765
790,-0.18299269676208496,-0.21355181525329953
791,-0.18259550631046295,0.6457785715109359
792,-0.1854710578918457,0.054462810516641647
793,-0.18235819041728973,-0.11247699751780751
794,-0.18155811727046967,-0.4696851046481546
795,-0.17877210676670074,0.31926845413272664
796,-0.17230123281478882,-1.814061659494625
797,-0.1684117466211319,-1.155650207997961
798,-0.1689673811197281,-0.6740750558269397
799,-0.17326684296131134,0.02675592458360964
800,-0.17995941638946533,-4.083347085990097
801,-0.18468022346496582,-1.2528849636303294
802,-0.19579872488975525,2.28992635684444
803,-0.20414398610591888,-0.8823645777270349
804,-0.206780806183815,2.890021629573214
805,-0.2179284393787384,-0.03649261086742272
806,-0.22282972931861877,-2.0615758040996917
807,-0.23039910197257996,-0.48242720028048897
808,-0.22983208298683167,0.26312283029754685
809,-0.2310037612915039,-0.4162723884706845
810,-0.23176759481430054,-4.425389783101663
811,-0.23145495355129242,2.95340646129001
812,-0.23523502051830292,-2.065084243442251
813,-0.23661701381206512,-1.6313171043713324
814,-0.23808427155017853,1.5795075434342551
815,-0.23830880224704742,2.0142006656834304
816,-0.24119004607200623,1.7542008338345512
817,-0.23276305198669434,-1.0367124342329668
818,-0.22610531747341156,-0.3824952202593932
819,-0.2205517441034317,0.6428001988040949
820,-0.21706868708133698,2.640877120130015
821,-0.1944543868303299,-0.5266336492421588
822,-0.18458715081214905,-1.6462881220542291
823,-0.18978756666183472,-2.7815926733985803
824,-0.18147285282611847,0.0
825,-0.19132588803768158,-0.8954470633732782
826,-0.18939605355262756,1.7185109788792274
827,-0.18031467497348785,-0.1537349801630448
828,-0.1797853261232376,-3.0269601063271914
829,-0.18381692469120026,-1.7025040455475706
830,-0.18647219240665436,0.9181043595847705
831,-0.1735610067844391,-0.4771776686148702
832,-0.19455598294734955,2.058949851589009
833,-0.19219771027565002,0.012003883000000526
834,-0.1913479119539261,2.949293959208732
835,-0.2022191435098648,-0.2538508939203593
836,-0.21131403744220734,0.7900361385241531
837,-0.21571795642375946,1.5138001621929134
838,-0.2050136923789978,-3.804061257748792
839,-0.19694553315639496,0.4167057478608571
840,-0.19374313950538635,-3.0467703328683418
841,-0.20041011273860931,0.7356605086630498
842,-0.19435206055641174,0.16110000352935774
843,-0.1856522411108017,0.9454150663849472
844,-0.17409463226795197,-0.3941780616433355
845,-0.1763051152229309,-2.2583093043538116
846,-0.1755320429801941,-2.2708420390742163
847,-0.18767087161540985,0.44686678456753454
848,-0.1922495812177658,-2.1680723154907318
849,-0.18610769510269165,-1.633610032587607
850,-0.1885334700345993,-2.9933769069395386
851,-0.20449784398078918,-2.2117563240189986
852,-0.2159147709608078,5.836341266354905
853,-0.23763450980186462,0.3834145748063516
854,-0.24727793037891388,0.07644643917863464
855,-0.26620596647262573,0.7708954463775839
856,-0.26660314202308655,0.462077817265705
857,-0.2683112919330597,-3.0369301672650613
858,-0.27085360884666443,4.2602284056625574
859,-0.24778099358081818,1.2555588589185043
860,-0.24247042834758759,1.077601025331054
861,-0.21985967457294464,0.8711045092069104
862,-0.21299445629119873,0.41669415437191065
863,-0.20192143321037292,-0.20884194357573294
864,-0.19364933669567108,-0.9404037333260782
865,-0.17987698316574097,1.7073779790636836
866,-0.15936516225337982,0.15461454618634957
867,-0.14114625751972198,0.7074941527973839
868,-0.13664144277572632,1.0271780686262673
869,-0.12164837121963501,-1.9123336455928779
870,-0.11138322204351425,0.07706381304630748
871,-0.09783823043107986,0.6787859674347807
872,-0.09041239321231842,1.2921526735705007
873,-0.11800828576087952,-1.1051114538735083
874,-0.12063656747341156,-0.8099453485691747
875,-0.12274686247110367,2.2023854755718557
876,-0.12806595861911774,1.3735076725953859
877,-0.13128966093063354,-0.24540997654051205
878,-0.11911530047655106,1.151864235625344
879,-0.13807815313339233,0.742289782845784
880,-0.1415128856897354,-0.3620643483668084
881,-0.14312510192394257,-1.1786629054642566
882,-0.1436949521303177,0.1351485160228764
883,-0.14276130497455597,0.1329054662907673
884,-0.1400022804737091,1.460340404646131
885,-0.13487789034843445,0.07768120158702138
886,-0.14164932072162628,0.08854414603560687
887,-0.14128552377223969,0.6120945988112859
888,-0.14329563081264496,0.19217178527692952
889,-0.14637652039527893,0.0307182402271791
890,-0.1367664933204651,-0.3920361765877952
891,-0.13690291345119476,0.9092857276572726
892,-0.1397443562746048,0.3576191140867828
893,-0.14489150047302246,-0.06830608708814398
894,-0.13946299254894257,0.06901250625321936
895,-0.13605737686157227,-0.2909517848388109
896,-0.14598076045513153,0.8339869179820432
897,-0.1515023559331894,-0.234094199353407
898,-0.14978213608264923,-0.01596766546666492
899,-0.15437789261341095,-0.9297333056208273
900,-0.15730531513690948,-1.1252446319397373
901,-0.15630629658699036,-0.17947713886479197
902,-0.15326519310474396,2.023718763785576
903,-0.1567276418209076,0.43621942327303154
904,-0.15979646146297455,0.6900298442183095
905,-0.1675775647163391,-0.16353956865952074
906,-0.16799962520599365,0.7550819996838154
907,-0.1675967574119568,0.3375182996706141
908,-0.1685716062784195,0.12275895490754278
909,-0.16689687967300415,0.06499291001706942
910,-0.16416414082050323,1.4230840971095615
911,-0.15923798084259033,-2.504031656961791
912,-0.16041818261146545,-0.06712160870945229
913,-0.1597708910703659,0.7067718234452297
914,-0.15807199478149414,-0.6258858700857968
915,-0.15795688331127167,0.3374166846968012
916,-0.15707367658615112,0.7843078535455522
917,-0.16141293942928314,1.2884747205150762
918,-0.16053827106952667,0.2526505555162207
919,-0.16011834144592285,0.5970405806861255
920,-0.15513178706169128,-0.04774866973307203
921,-0.14920517802238464,0.5944179548593502
922,-0.14728529751300812,0.19134066342043585
923,-0.15427203476428986,-0.5607338639262661
924,-0.15361905097961426,0.6948856342676499
925,-0.15402546525001526,-0.2119520569951793
926,-0.15090833604335785,0.4630505430027073
927,-0.152167409658432,-0.10208199536022608
928,-0.1517808884382248,0.30366329418560745
929,-0.15079963207244873,-0.051872283801523915
930,-0.1500038206577301,0.02476189558742178
931,-0.1553797572851181,0.21517669126069833
932,-0.14393867552280426,1.3168589921066503
933,-0.14405661821365356,-0.23162757464966227
934,-0.14729098975658417,0.20575647871912142
935,-0.14442680776119232,0.3414314321919182
936,-0.1457732766866684,0.18965673408948258
937,-0.14869146049022675,-0.8142756875219476
938,-0.15356433391571045,-0.5651364446402567
939,-0.15409083664417267,-0.15988437720144646
940,-0.1567923128604889,1.5830984298839113
941,-0.1568455994129181,-0.4986521435570762
942,-0.1598341166973114,-1.9638628220104768
943,-0.16155646741390228,-0.2566619611915614
944,-0.16100579500198364,-0.41204409145290155
945,-0.16701269149780273,0.08027336930907
946,-0.16957275569438934,-3.409397103066892
947,-0.1764635592699051,1.1438470642319623
948,-0.18178051710128784,1.1333606397827767
949,-0.1889818161725998,0.9703202310223484
950,-0.193695530295372,-1.0353191233136274
951,-0.19775483012199402,-1.4572137274126544
952,-0.20201806724071503,1.0820075517690595
953,-0.21010398864746094,-0.44800442395552825
954,-0.2103043645620346,-1.581248760995557
955,-0.21233366429805756,0.11444232836301764
956,-0.2148439884185791,-0.3883675536470173
957,-0.21660897135734558,-0.7892372275042909
958,-0.21424074470996857,0.2704295416571683
959,-0.2134094089269638,-1.5139343123826254
960,-0.21483901143074036,-1.6118001593898312
961,-0.22440429031848907,2.646932593537365
962,-0.22416198253631592,0.6424749738054292
963,-0.21703173220157623,0.528941071797262
964,-0.21674112975597382,1.6617354785982037
965,-0.21389825642108917,1.047129628573806
966,-0.21105681359767914,-0.007670778034784701
967,-0.19140687584877014,-0.3815831583684815
968,-0.19150422513484955,0.5698865963969403
969,-0.19016414880752563,-0.5163845387810229
970,-0.18747973442077637,0.6202638441638934
971,-0.17610758543014526,1.3876301490942435
972,-0.16369731724262238,0.42042300728568677
973,-0.1628766506910324,0.8015206779079526
974,-0.1550593078136444,-0.24380889864721375
975,-0.14298583567142487,-0.32383846187544746
976,-0.1395304948091507,-1.5111730024009447
977,-0.13522818684577942,0.32023964467329247
978,-0.13095144927501678,0.7305912592491249
979,-0.13270506262779236,0.4829521613365578
980,-0.12755578756332397,1.0606716700726881
981,-0.122899629175663,0.22159600915456748
982,-0.13652561604976654,0.7539703860259811
983,-0.13988931477069855,-0.10330114354993869
984,-0.1420060098171234,-0.7769148152182771
985,-0.14859269559383392,0.535293449137897
986,-0.15194500982761383,0.7467736359392237
987,-0.15044790506362915,-0.07912477959837241
988,-0.1475510448217392,0.586864007143984
989,-0.14891386032104492,0.1704335758481394
990,-0.14547911286354065,-0.4285518153157921
991,-0.1473378837108612,-0.4571416657516595
992,-0.15263992547988892,0.26914731698966
993,-0.15379099547863007,-0.740200094890997
994,-0.15715894103050232,0.7076595238449505
995,-0.15635745227336884,0.5760597092166807
996,-0.15562987327575684,0.849548024314273
997,-0.1498972475528717,-0.9969351799555377
998,-0.15254542231559753,1.1126962006138057
999,-0.15643703937530518,-0.44272453122624583
1000,-0.1587086319923401,-0.23777813995746686
1001,-0.16317151486873627,-1.1867906007474
1002,-0.1640866994857788,-0.7865015572713238
1003,-0.1680784970521927,-1.3197966674865946
1004,-0.16944698989391327,-3.473605192277728
1005,-0.17035719752311707,1.3879035114847675
1006,-0.17904707789421082,0.37736549262985475
1007,-0.18927669525146484,2.2425777519136103
1008,-0.19510523974895477,-0.9953778435459744
1009,-0.2026994675397873,-1.2027678788438019
1010,-0.20731370151042938,1.9450811284884344
1011,-0.20793400704860687,-3.0240648641399415
1012,-0.20799866318702698,-0.09415848405767181
1013,-0.21113640069961548,1.6657196444670668
1014,-0.20923073589801788,1.352836336347463
1015,-0.21255391836166382,-0.6778868872314491
1016,-0.21372489631175995,0.9014198982980836
1017,-0.21453632414340973,-0.35934001902869717
1018,-0.2061924785375595,-2.9984785236621514
1019,-0.20769810676574707,1.3154442628833476
1020,-0.20264048874378204,-0.3411118550117331
1021,-0.19938480854034424,0.3823927232744933
1022,-0.19272848963737488,1.4829074102570283
1023,-0.18826700747013092,-0.13181662780087428
1024,-0.18154461681842804,-1.1141663355918268
1025,-0.16630712151527405,1.3045166083106572
1026,-0.1729861944913864,1.754447817350946
1027,-0.1737223118543625,-0.16952743703846385
1028,-0.1811332255601883,-0.1928884156188082
1029,-0.17311905324459076,-0.04055405695654274
1030,-0.164566308259964,1.057871422011947
1031,-0.16968858242034912,0.3034335551203474
1032,-0.15271736681461334,-0.21672867911737342
1033,-0.14978426694869995,-0.2833648510282451
1034,-0.1546521633863449,0.39835434479553783
1035,-0.15785101056098938,-0.1054222073598066
1036,-0.15244950354099274,0.06713322842650837
1037,-0.15474312007427216,-0.7969072249914614
1038,-0.1521759331226349,-0.0641804982225327
1039,-0.139680415391922,-1.464784770233274
1040,-0.14808963239192963,1.0477092538160981
1041,-0.14971321821212769,-0.5784020025890846
1042,-0.15516161918640137,-1.133534120877822
1043,-0.16571027040481567,0.7520496783842484
1044,-0.16906046867370605,-1.1333393725983523
1045,-0.1686810404062271,-1.560692470212244
1046,-0.17962688207626343,1.117623274782442
1047,-0.19197744131088257,1.3999849125405646
1048,-0.19470733404159546,-0.3279708573268982
1049,-0.19648297131061554,-1.665477921876457
1050,-0.1984604001045227,1.0220181446479744
1051,-0.20447438955307007,0.5951555796032568
1052,-0.20592601597309113,1.3364758787618891
1053,-0.2037937045097351,-0.10413423489754552
1054,-0.20028434693813324,1.243190599893485
1055,-0.1984930783510208,-0.30102660565167816
1056,-0.19337010383605957,0.40213192337255044
1057,-0.18838568031787872,-0.8251967143113825
1058,-0.179698646068573,0.9079650344258724
1059,-0.17470639944076538,-0.7189819823077535
1060,-0.16437019407749176,0.1911359941354054
1061,-0.16609467566013336,0.8129491733523728
1062,-0.16091983020305634,0.7002408239325412
1063,-0.15393593907356262,1.005324632223847
1064,-0.1553058624267578,-0.5902075743414842
1065,-0.14829568564891815,0.32779211030362665
1066,-0.140150785446167,-0.13993430070530244
1067,-0.1442427784204483,1.1340563483510204
1068,-0.14894725382328033,0.5580439976396125
1069,-0.14555798470973969,0.01754367222157633
1070,-0.13668479025363922,-0.28513003326274766
1071,-0.14010317623615265,0.28404112810014354
1072,-0.14148660004138947,0.48360832943810156
1073,-0.14594025909900665,-0.13013444416283232
1074,-0.14404098689556122,0.2576659833626982
1075,-0.14825518429279327,-0.04702089034351873
1076,-0.14581236243247986,-0.036312683674832244
1077,-0.14700321853160858,0.7289822458129255
1078,-0.14315564930438995,0.10666822682103895
1079,-0.14718937873840332,0.2423376650356302
1080,-0.14402037858963013,-0.512558965125298
1081,-0.14528584480285645,-0.24066092008659887
1082,-0.1494588404893875,0.16070520317126327
1083,-0.15315861999988556,1.321736368897608
1084,-0.15778563916683197,0.1788528406228448
1085,-0.15497617423534393,0.6620081576222964
1086,-0.15591195225715637,-0.4561647481526432
1087,-0.1544574797153473,-1.1249187415226964
1088,-0.1587086319923401,-0.5526451910752741
1089,-0.1607130616903305,0.5402208742720787
1090,-0.16089779138565063,0.04704597044937734
1091,-0.16038620471954346,1.0014360092781343
1092,-0.16253416240215302,-0.40085569975109026
1093,-0.16535216569900513,-0.0655358543242275
1094,-0.16532373428344727,0.4395232965341165
1095,-0.16686631739139557,0.7311086650257482
1096,-0.1666226089000702,0.2014331167091938
1097,-0.16598454117774963,0.9084336254518312
1098,-0.16793355345726013,0.10358116947486494
1099,-0.16629788279533386,0.04963961376698302
1100,-0.16480860114097595,0.6737793752801482
1101,-0.1597268283367157,0.4246573749644432
1102,-0.15582384169101715,0.2318265862301997
1103,-0.1536119431257248,0.08081572254683471
1104,-0.15626153349876404,0.7763955945839118
1105,-0.15351246297359467,-0.17478219867721492
1106,-0.15298879146575928,-0.6731702038321846
1107,-0.14810241758823395,0.2974447132623631
1108,-0.14146670699119568,1.3328447296371504
1109,-0.13824298977851868,-0.7855191721935821
1110,-0.1403220295906067,0.562038480484039
1111,-0.1403866857290268,-0.0318542539077037
1112,-0.14473660290241241,0.6689046739208889
1113,-0.1428295224905014,0.8126574840663814
1114,-0.14239609241485596,-0.266958479967916
1115,-0.14399409294128418,1.035742263790795
1116,-0.14630688726902008,-0.2436896845276043
1117,-0.14587560296058655,0.07966548526383627
1118,-0.14834685623645782,1.0631048195421045
1119,-0.14690729975700378,0.3399605156469527
1120,-0.14508263766765594,-0.19310869139257367
1121,-0.145923912525177,0.1383014018499604
1122,-0.14562761783599854,0.1993968195636903
1123,-0.14467905461788177,-0.9313533092540787
1124,-0.14373190701007843,-1.8851559817449353
1125,-0.14713963866233826,1.4264766610810882
1126,-0.1473911702632904,0.05912251754605106
1127,-0.14649873971939087,0.25627085247281717
1128,-0.15046070516109467,-1.591465501572465
1129,-0.1592123955488205,1.3382226880040766
1130,-0.1586020439863205,2.0981444539894363
1131,-0.163345605134964,0.4299756143485212
1132,-0.16408030688762665,0.6675027983127801
1133,-0.16636964678764343,-0.5394882329529005
1134,-0.1678973138332367,1.1331313622014783
1135,-0.16360707581043243,0.10957992339031279
1136,-0.1643524318933487,0.9027914596210445
1137,-0.1587306559085846,-0.14384424834258422
1138,-0.15448661148548126,0.1977967553440371
1139,-0.15452924370765686,0.016036555176612684
1140,-0.151481032371521,0.8675815029463247
1141,-0.14651508629322052,-0.6744295521139527
1142,-0.14380864799022675,-1.78833375430496
1143,-0.1427428275346756,-3.7101888750368794
1144,-0.13959656655788422,-2.772607636150092
1145,-0.13672883808612823,0.16920120777517098
1146,-0.15212123095989227,-4.6131827236165615
1147,-0.1647716462612152,0.010385221833164652
1148,-0.18119290471076965,4.491457702246927
1149,-0.18999220430850983,-2.9945820994884307
1150,-0.21110016107559204,3.8461140545519314
1151,-0.23208165168762207,-3.0993259640893838
1152,-0.24237237870693207,-1.8649430847460622
1153,-0.2516484558582306,-7.287402339116457
1154,-0.25621792674064636,4.950140306083916
1155,-0.26826012134552,-4.700245019025084
1156,-0.2759268283843994,-9.434674309110413
1157,-0.2901482582092285,9.345998170244883
1158,-0.3002201318740845,-12.321331289060366
1159,-0.3141253888607025,6.230492335092561
1160,-0.3275609612464905,-4.702798872100011
1161,-0.34457337856292725,2.2996268525090398
1162,-0.3529300093650818,-3.790742220116705
1163,-0.3552321493625641,-0.27400309825684777
1164,-0.3483235836029053,8.121509230654977
1165,-0.3427124619483948,-0.45242237814974146
1166,-0.34527963399887085,5.596200654260964
1167,-0.31982389092445374,-3.7852983700466303
1168,-0.3108448386192322,3.6224507854609724
1169,-0.3160282075405121,-0.9525131999441944
1170,-0.2833249568939209,-4.409293589419527
1171,-0.2815145254135132,1.721739043078729
1172,-0.24885106086730957,-1.5256477974047828
1173,-0.22561930119991302,7.32611270033192
1174,-0.18075236678123474,-0.32831643210291583
1175,-0.1919262856245041,2.5818870183259577
1176,-0.1584841012954712,0.7746996843269067
1177,-0.10685780644416809,0.4763532537663592
1178,-0.1385556310415268,3.9465788506733532
1179,-0.07327349483966827,-1.4392236333215624
1180,-0.09201891720294952,1.6582590766999863
1181,-0.06215783208608627,1.3803835180542068
1182,-0.06425391882658005,-1.0336154401931805
1183,-0.04103779047727585,-3.4751707354565444
1184,-0.037117041647434235,2.8094268321683824
1185,-0.07038160413503647,-0.0074144182917627805
1186,-0.06665625423192978,1.6453636775655591
1187,-0.09000951796770096,1.1076542783489798
1188,-0.07248763740062714,-1.402376185686094
1189,-0.08893518149852753,3.566323238228254
1190,-0.08469397574663162,-0.2822319078250475
1191,-0.06653119623661041,-3.2015075706075193
1192,-0.07689937204122543,1.2290572705633274
1193,-0.07397550344467163,1.1297604493847981
1194,-0.1088295504450798,0.5138939008521249
1195,-0.10872367769479752,1.4147842254524696
1196,-0.12072964757680893,1.5775670185619097
1197,-0.12319450080394745,0.7786102073269022
1198,-0.12310639768838882,-2.0646542906469945
1199,-0.13719211518764496,-1.5482267359697368
1200,-0.12786132097244263,0.9088148564100115
1201,-0.1336721032857895,0.7920624210320691
1202,-0.13859684765338898,2.4434971702117294
1203,-0.1329011619091034,-0.5385098434942726
1204,-0.11751161515712738,2.075978183330341
1205,-0.12951332330703735,-0.9695234674149901
1206,-0.12788476049900055,0.4276841650122659
1207,-0.1330191195011139,0.1676200590212233
1208,-0.13518981635570526,0.7723653951251517
1209,-0.1264778971672058,-0.4607783422867274
1210,-0.13973228633403778,1.290212498688792
1211,-0.13538876175880432,0.6552216967502301
1212,-0.11917214840650558,0.5897171722294869
1213,-0.12318740040063858,0.7756799159436506
1214,-0.1260060966014862,-0.692979537339011
1215,-0.12589313089847565,2.061922155972984
1216,-0.1292511373758316,1.1276647543164482
1217,-0.13225457072257996,0.29219879593944714
1218,-0.1308669000864029,0.6690906341831
1219,-0.1170739233493805,-5.265476361484511
1220,-0.10831085592508316,1.0121334563723445
1221,-0.11286327242851257,1.4309384287835014
1222,-0.11817383766174316,1.746352507915816
1223,-0.13065870106220245,0.14814418365107732
1224,-0.1295502632856369,0.32813109999365664
1225,-0.13948501646518707,0.030878976372572062
1226,-0.13540297746658325,1.1095819344808742
1227,-0.13727310299873352,0.7446904335055788
1228,-0.1372290551662445,-2.1931899874742413
1229,-0.13979339599609375,1.08818477076067
1230,-0.1371537446975708,-2.5933939602675533
1231,-0.14325371384620667,1.198401463445897
1232,-0.1471652239561081,1.8697217754377604
1233,-0.15082450211048126,0.9530027674316209
1234,-0.15460385382175446,0.5219294116147738
1235,-0.15110018849372864,2.2142310270910177
1236,-0.15818211436271667,-0.8603004666269626
1237,-0.15926000475883484,1.4366969975238895
1238,-0.15537478029727936,0.5265665951870389
1239,-0.15230169892311096,0.6607137067146993
1240,-0.12354622036218643,-2.1342298786036213
1241,-0.1245281845331192,0.9406384418141124
1242,-0.12763679027557373,0.5902625096971591
1243,-0.13226452469825745,-0.7266027862189325
1244,-0.1304924488067627,0.28032106480007074
1245,-0.13061323761940002,2.5125643085193388
1246,-0.12971653044223785,-0.8055054174952446
1247,-0.13357049226760864,0.24127960247308727
1248,-0.13558131456375122,-2.285699535446229
1249,-0.12591657042503357,-0.939071700901739
1250,-0.13272850215435028,1.670238751147291
1251,-0.12467952817678452,-1.2735027953225224
1252,-0.13475780189037323,1.3540604639292078
1253,-0.14732225239276886,0.42558468671911553
1254,-0.15488380193710327,1.487181649414571
1255,-0.1592770665884018,1.466043020563857
1256,-0.16900646686553955,0.3519290245281859
1257,-0.16312746703624725,0.5230744921064017
1258,-0.16600017249584198,0.9971442946352879
1259,-0.16313385963439941,-0.8740477982604575
1260,-0.16013610363006592,-0.38706922712279385
1261,-0.14538106322288513,-1.691593210339481
1262,-0.1459970921278,2.127642994508649
1263,-0.14575479924678802,0.2747830174152372
1264,-0.14049823582172394,-0.2100991170477683
1265,-0.14058350026607513,1.0021568153531173
1266,-0.15027950704097748,0.7287631558187126
1267,-0.1448204517364502,-0.5742645858459522
1268,-0.1444133073091507,1.0630301854990698
1269,-0.13331611454486847,0.41588830122654175
1270,-0.12897899746894836,0.6004342648459721
1271,-0.13575468957424164,0.7623210595791183
1272,-0.12898112833499908,1.7319179113374439
1273,-0.13309229910373688,-0.3405016987838566
1274,-0.13206131756305695,0.604627821149473
1275,-0.13492974638938904,0.6825633061117603
1276,-0.13681268692016602,1.394509951576061
1277,-0.13309088349342346,0.9780044906001932
1278,-0.12967674434185028,-4.962831479772012
1279,-0.12948419153690338,-1.2652161435752538
1280,-0.12371817231178284,-4.1141528278518695
1281,-0.12466958165168762,2.7090479940991457
1282,-0.1237458810210228,-1.9922679998739088
1283,-0.14236482977867126,-0.6047849776728227
1284,-0.15414342284202576,1.8712825725131443
1285,-0.1642785370349884,1.2089549481351765
1286,-0.17863141000270844,-1.2497460491594063
1287,-0.18993037939071655,-1.2686289131897173
1288,-0.19423340260982513,-1.0723830834075239
1289,-0.20497958362102509,-0.13416188252076666
1290,-0.21187110245227814,1.714846238393419
1291,-0.21819134056568146,-3.0158726902367428
1292,-0.22434885799884796,0.3694096969486532
1293,-0.23387575149536133,2.260906532571339
1294,-0.23270408809185028,1.868965864819128
1295,-0.23384378850460052,-0.29035471194889195
1296,-0.2330586463212967,0.7420650504048172
1297,-0.23318582773208618,1.4237731001058405
1298,-0.2291279435157776,-2.2203683234788274
1299,-0.19860036671161652,2.3247878008640703
1300,-0.1861247569322586,-1.5697399364729911
1301,-0.16244180500507355,1.8826314467671463
1302,-0.16977882385253906,0.49610951498326794
1303,-0.15586647391319275,1.3918241208052742
1304,-0.14860691130161285,2.558902075457393
1305,-0.15113429725170135,-0.10406790726642526
1306,-0.14909788966178894,-0.8021807235687463
1307,-0.13605809211730957,-0.46615352560335216
1308,-0.12441449612379074,-0.36120041094357397
1309,-0.11565355956554413,-1.6508478223874576
1310,-0.11347433924674988,0.32764826693327775
1311,-0.12123057246208191,-0.2761240912280589
1312,-0.11029326170682907,0.18563265705715484
1313,-0.11658720672130585,0.36737763881367047
1314,-0.13142253458499908,-1.639550119360011
1315,-0.14438489079475403,0.6374642022838773
1316,-0.14796245098114014,-3.730788634652804
1317,-0.15734794735908508,1.6421795539488306
1318,-0.17010779678821564,-2.4495802529982287
1319,-0.1678667515516281,0.4217580449590081
1320,-0.1864345371723175,1.8522283096419565
1321,-0.18693333864212036,3.854730967456788
1322,-0.2003760039806366,2.58955314422773
1323,-0.20323307812213898,0.03616858490334033
1324,-0.20578889548778534,-1.5254029459359721
1325,-0.20999954640865326,-1.3652289634338843
1326,-0.20076040923595428,2.012914549029854
1327,-0.18834944069385529,-0.6519348609717813
1328,-0.1781468242406845,1.0222407154707902
1329,-0.169162780046463,0.8017374135499407
1330,-0.15539325773715973,-0.2078980960727561
1331,-0.1514597237110138,-0.8213920795722359
1332,-0.14584362506866455,0.8736981037838818
1333,-0.14333471655845642,-0.41781978866306474
1334,-0.14257656037807465,0.21645062442934265
1335,-0.13420571386814117,1.314409737007716
1336,-0.13678070902824402,0.4786188993356031
1337,-0.12079643458127975,0.9214943643087498
1338,-0.1289193034172058,-0.05824563817956575
1339,-0.11871668696403503,1.2818546423684747
1340,-0.12114743888378143,-0.04646041060305503
1341,-0.12875162065029144,0.22519019785240987
1342,-0.14346972107887268,0.703316774857821
1343,-0.1508813351392746,0.44703703239907727
1344,-0.14634525775909424,0.5017538809785943
1345,-0.13545554876327515,-1.937723927942148
1346,-0.12701009213924408,0.541856267700091
1347,-0.13455814123153687,-0.2252126541387737
1348,-0.1311354786157608,0.5022667180407232
1349,-0.1360815316438675,1.2461336982357627
1350,-0.14000868797302246,0.5012351045196479
1351,-0.13929885625839233,0.8418230914543083
1352,-0.13576747477054596,-0.07137117452359301
1353,-0.13936422765254974,-0.10285738200559423
1354,-0.13691073656082153,0.5132453659646646
1355,-0.13722337782382965,-0.28739694051937986
1356,-0.14212964475154877,0.2632513232863503
1357,-0.14312368631362915,0.7394880605198221
1358,-0.1459011733531952,-0.3814140116183756
1359,-0.14440904557704926,0.15392945350529685
1360,-0.14896288514137268,0.14203786324786805
1361,-0.147710919380188,-1.4728891208059876
1362,-0.14851738512516022,0.9490116049551521
1363,-0.15198054909706116,-0.6097992523404595
1364,-0.15476727485656738,2.564130081415582
1365,-0.1574893444776535,1.029272630780475
1366,-0.14892522990703583,-1.2539844411127212
1367,-0.15121956169605255,0.27614922844356676
1368,-0.14966845512390137,0.43236420733541203
1369,-0.1510433405637741,-0.12423344408916169
1370,-0.155239075422287,-0.8704551567342843
1371,-0.15610378980636597,1.528481655575642
1372,-0.1583888828754425,1.9706506855891255
1373,-0.1559893935918808,0.5473641048505445
1374,-0.15276356041431427,0.08979007221190331
1375,-0.15154853463172913,0.686186629540187
1376,-0.1462138146162033,-0.07282686353969954
1377,-0.1432039737701416,-2.6086775797061863
1378,-0.14306329190731049,0.501563975714081
1379,-0.139295294880867,-1.9979495101145832
1380,-0.14005202054977417,2.5453836565234806
1381,-0.14203087985515594,1.562221426810816
1382,-0.13742730021476746,-0.01645684390017039
1383,-0.14343205094337463,1.228461137624981
1384,-0.14161023497581482,0.570191988422986
1385,-0.15235428512096405,0.9478709673458765
1386,-0.15426421165466309,0.14341624108731255
1387,-0.1452389508485794,-0.2510756334758945
1388,-0.14297659695148468,0.381028038299402
1389,-0.14124643802642822,0.49694382790155267
