,predicted_volatility,actual_volatility
0,1.0509048700332642,0.9405027033973292
1,1.0568188428878784,0.8711008040668046
2,1.0588387250900269,0.8708860959702249
3,1.0552862882614136,0.8708592609027737
4,1.0461013317108154,0.9153661938548259
5,1.033814787864685,0.91471112641703
6,1.0214380025863647,0.9087567239843352
7,1.011189579963684,0.9244408194423094
8,1.0047011375427246,0.9282280721823903
9,1.0026921033859253,0.9029651274476724
10,1.0042129755020142,0.9090908484604238
11,1.0079095363616943,0.9066311113478804
12,1.0124095678329468,0.9070327649331883
13,1.0166559219360352,0.8976761486217032
14,1.0197453498840332,0.8950611114236368
15,1.0211409330368042,0.8928936840936843
16,1.0207154750823975,0.8541679923655345
17,1.0176774263381958,0.859533608977691
18,1.011863350868225,0.8576942448065312
19,1.0037840604782104,0.8371890581354453
20,0.9938854575157166,0.8371203316533112
21,0.9829073548316956,0.8230290751360658
22,0.971453070640564,0.8232929416805069
23,0.9602459073066711,0.8236329296619889
24,0.9500797986984253,0.8227490636125073
25,0.9416323304176331,0.8188023839579768
26,0.9352515339851379,0.8302202584174554
27,0.9313338398933411,0.7739755118792829
28,0.9284986257553101,0.7876641114349402
29,0.9256928563117981,0.7876015259986067
30,0.9224573373794556,0.7739858558592493
31,0.9184826016426086,0.7722787856901667
32,0.9137900471687317,0.7724502060374238
33,0.9087314009666443,0.778527905682165
34,0.9039921164512634,0.8386903213415285
35,0.9018240571022034,0.839875108171583
36,0.903958797454834,0.8404232397371261
37,0.9108330607414246,0.8378734607475281
38,0.9215677380561829,0.828518090091687
39,0.9342498779296875,0.8287984545946053
40,0.9468157291412354,0.8058722869465137
41,0.9569758176803589,0.8010199530815284
42,0.9630849361419678,0.8202781176478071
43,0.965104877948761,0.8177577261227712
44,0.9638164639472961,0.8193501478697632
45,0.9603874683380127,0.817873189118427
46,0.9559454321861267,0.8215645209456185
47,0.951505720615387,0.7965165661191072
48,0.9471089839935303,0.8017517997169229
49,0.9427328109741211,0.8015387999440113
50,0.938449501991272,0.8011618283265999
51,0.9344242811203003,0.8014113589448175
52,0.9308751821517944,0.8133833942676907
53,0.928321123123169,0.8407501277798295
54,0.9278770089149475,0.7784079135117339
55,0.9285351634025574,0.7926118354846374
56,0.9292657971382141,0.7834622979744641
57,0.9291530251502991,0.7554830524947831
58,0.9270113110542297,0.7429133060185162
59,0.9219721555709839,0.747881876122774
60,0.9141849875450134,0.7373860750949731
61,0.9042962193489075,0.7264210270344763
62,0.8930806517601013,0.7269880609939972
63,0.8815400004386902,0.7153374576450535
64,0.8704288601875305,0.7185994506406903
65,0.8605021834373474,0.6901624235775139
66,0.8516486287117004,0.6951512699395482
67,0.8438072204589844,0.6916112064012688
68,0.8369902968406677,0.6891742788275594
69,0.8312620520591736,0.6676341498430016
70,0.8261802792549133,0.6568287770652479
71,0.8211239576339722,0.6562693336539327
72,0.8157966732978821,0.657159300182551
73,0.8103362321853638,0.6755346852644977
74,0.8056286573410034,0.6754455985235446
75,0.8025338053703308,0.6762038298413076
76,0.8015393614768982,0.6647644149953431
77,0.8023655414581299,0.6461057402718257
78,0.803916871547699,0.6338822073199114
79,0.8048352599143982,0.6245804716496867
80,0.804008424282074,0.6270180550202236
81,0.8011042475700378,0.6300440935236908
82,0.7965501546859741,0.6260101848426528
83,0.7910581827163696,0.6196361791777386
84,0.7852608561515808,0.5353908035091155
85,0.7775669693946838,0.5340419610503132
86,0.7666805982589722,0.5394461051809477
87,0.7526736855506897,0.5389916868675617
88,0.7367226481437683,0.5434350914761827
89,0.7206668853759766,0.543550860067254
90,0.7063307762145996,0.5465033900296223
91,0.6951563954353333,0.5411644828239569
92,0.6877893805503845,0.5134925335852052
93,0.6835089325904846,0.5139422778378919
94,0.681255578994751,0.5120041549794918
95,0.680083692073822,0.5129723016261766
96,0.6794018149375916,0.5069354382504695
97,0.6787899732589722,0.5080369064970185
98,0.6780999302864075,0.5040252098589559
99,0.6772759556770325,0.5062150650270785
100,0.6764264702796936,0.5395136116401101
101,0.6765593886375427,0.5391590014156552
102,0.6785025000572205,0.5171586684208386
103,0.6819345951080322,0.4805027404300259
104,0.685126006603241,0.5082030272159155
105,0.6871957778930664,0.4913009278592326
106,0.6875090599060059,0.49149916927958376
107,0.6859256029129028,0.5156225311358189
108,0.6833682656288147,0.5114142644931513
109,0.6808241605758667,0.5070616547071142
110,0.6788926720619202,0.5090057120381143
111,0.677869439125061,0.511681073528864
112,0.6778486371040344,0.5168909301135295
113,0.6788551211357117,0.5096314812841234
114,0.6805661916732788,0.5032689871684373
115,0.6823877692222595,0.5009626494205022
116,0.6837428212165833,0.5100046093320062
117,0.684516429901123,0.5113292854271386
118,0.6848570108413696,0.5260249492433146
119,0.685348391532898,0.5314800139997476
120,0.6866063475608826,0.5278724532296899
121,0.6888225674629211,0.526453361045879
122,0.6917867660522461,0.5267370170171285
123,0.6950879693031311,0.5541723958465535
124,0.6989753842353821,0.5804643604382639
125,0.704318106174469,0.5842016930444065
126,0.7116548418998718,0.5842679328142228
127,0.7208076119422913,0.5861226215487729
128,0.7310416102409363,0.6466462689542043
129,0.7428833246231079,0.6381815939324615
130,0.7563467025756836,0.6337575654433115
131,0.7706050872802734,0.6308992062071019
132,0.7843125462532043,0.6344831352358257
133,0.7962213158607483,0.6364621214372126
134,0.805476188659668,0.6321584961490619
135,0.8115559220314026,0.6352164448935589
136,0.8144636154174805,0.6296897679649935
137,0.8144522309303284,0.6292713572106975
138,0.812030553817749,0.6381495077149842
139,0.8081229329109192,0.6376929073945726
140,0.8036640882492065,0.6350138634568431
141,0.7993288040161133,0.6358251026875746
142,0.7955632209777832,0.6337652391847238
143,0.7925463318824768,0.6331932375592835
144,0.7902784943580627,0.6335484758530445
145,0.7886832356452942,0.6430482542193523
146,0.7878971695899963,0.6429822288294554
147,0.7879997491836548,0.6397987189442547
148,0.7888383865356445,0.6374090802835238
149,0.7900800704956055,0.6355143369031946
150,0.7913328409194946,0.6014001354400392
151,0.7914133667945862,0.6151580701051971
152,0.7898123264312744,0.6160367411133312
153,0.7866695523262024,0.5997096689003594
154,0.7821018099784851,0.585705495152647
155,0.7760916948318481,0.6020337415149352
156,0.7693259716033936,0.600599066953972
157,0.762686550617218,0.5666088814250616
158,0.7560858726501465,0.6027504818478197
159,0.7502704858779907,0.6016413958155354
160,0.74602872133255,0.6031524251691736
161,0.7438616156578064,0.5955143217357213
162,0.7436475157737732,0.6279015255603364
163,0.7457578778266907,0.6290379450556862
164,0.7503229975700378,0.6236484674419681
165,0.7568342685699463,0.641661479881559
166,0.7648648023605347,0.6787443130467273
167,0.7747675776481628,0.6797872994562054
168,0.786575436592102,0.7081212363495817
169,0.8004271388053894,0.7172444383406665
170,0.8160882592201233,0.7146586206757257
171,0.8325963616371155,0.7257598041415814
172,0.8488585352897644,0.7161036643210318
173,0.8634552359580994,0.6987986204179982
174,0.8746920228004456,0.6870736738627327
175,0.8811444044113159,0.6902498319091662
176,0.8824037313461304,0.6871136542468615
177,0.8789412379264832,0.6869528116880785
178,0.8718910217285156,0.6433678865637892
179,0.8615760803222656,0.6433980231873646
180,0.8485600352287292,0.6515057955004238
181,0.8341050744056702,0.6535473940092401
182,0.819796621799469,0.7216261500317167
183,0.8088534474372864,0.7400319145696546
184,0.8042256832122803,0.7548056730276802
185,0.8075311779975891,0.7554452558374999
186,0.8184621334075928,0.7585966669740183
187,0.8351969122886658,0.7651853775146007
188,0.8552141189575195,0.758996073969053
189,0.8756423592567444,0.767566999510658
190,0.8941922783851624,0.7909161402196881
191,0.9099236130714417,0.7924309897335196
192,0.9225625991821289,0.7900051801522118
193,0.9320473074913025,0.7910704739709687
194,0.9384932518005371,0.7907092763785074
195,0.9421449899673462,0.7827476937314349
196,0.9431553483009338,0.783142473897015
197,0.9418314099311829,0.7825097030679308
198,0.9386546015739441,0.7887642357641638
199,0.9344045519828796,0.7883740544283392
200,0.9298542141914368,0.904265651206795
201,0.9287267923355103,0.9000565150373079
202,0.9337929487228394,0.9006250296610465
203,0.9456849098205566,0.8983244815264748
204,0.9629883170127869,0.901253053909345
205,0.9831730723381042,0.8899750352503566
206,1.003097414970398,0.8898957127787893
207,1.0200563669204712,0.8975718461851582
208,1.032531976699829,0.8668436785370319
209,1.039209008216858,0.8685251393002208
210,1.0398061275482178,0.8684484072783352
211,1.0350825786590576,0.8684594222319966
212,1.0265103578567505,0.8540622385438128
213,1.0154625177383423,0.8623327134612918
214,1.0035425424575806,0.8787294328544833
215,0.9926667213439941,0.8699757178197068
216,0.984056830406189,0.8460188110168655
217,0.9775958061218262,0.8735186937402779
218,0.9734868407249451,0.8508821154476959
219,0.971193790435791,0.8583890022105142
220,0.9702263474464417,0.8698715309966812
221,0.9704907536506653,0.941457252695864
222,0.9738598465919495,1.1530167344030395
223,0.9875167012214661,1.1508575776979746
224,1.0161091089248657,1.1631886681387265
225,1.0597150325775146,1.2064707673938406
226,1.115316390991211,1.2089512048771391
227,1.1771548986434937,1.2066329346859266
228,1.2381649017333984,1.2238309435386765
229,1.2923084497451782,1.2354176961031604
230,1.3356016874313354,1.2679270185347487
231,1.3670252561569214,1.274531982916018
232,1.3873225450515747,1.2446468301089852
233,1.397126317024231,1.2352739108839321
234,1.3973181247711182,1.2227341973217627
235,1.3891080617904663,1.2326500644868945
236,1.3747026920318604,1.2423022504388943
237,1.3570291996002197,1.256633852160281
238,1.3392935991287231,1.2741998469015008
239,1.324497103691101,1.3174175970121782
240,1.3157192468643188,1.297385324284082
241,1.3138062953948975,1.3262670755079289
242,1.318717360496521,1.3289873482560841
243,1.3292769193649292,1.332487579026196
244,1.343539834022522,1.3345964379855555
245,1.3592674732208252,1.3575005350679374
246,1.375017762184143,1.3615239716907448
247,1.3897520303726196,1.3659439249639127
248,1.4027363061904907,1.3646171680072616
249,1.4133540391921997,1.366490973580127
250,1.4212418794631958,1.2827080204783972
251,1.4237887859344482,1.2741752205540502
252,1.4190411567687988,1.2806434349356144
253,1.4071295261383057,1.4190134810223007
254,1.3939502239227295,1.4259346418869174
255,1.3854764699935913,1.4841117576202976
256,1.3868927955627441,1.4913295161519233
257,1.4002134799957275,1.485767499734706
258,1.423808217048645,1.503449824790276
259,1.454217791557312,1.5031371749128877
260,1.4870027303695679,1.5024915887234174
261,1.517811894416809,1.5028620793063827
262,1.5432612895965576,1.5080396012634298
263,1.5615222454071045,1.506095776989544
264,1.5720927715301514,1.503215132126667
265,1.5754791498184204,1.5064701143938408
266,1.5730562210083008,1.5070959796983538
267,1.5666159391403198,1.4959541294444647
268,1.557632327079773,1.4955396483956775
269,1.5474187135696411,1.4742826317449536
270,1.536481499671936,1.470339614415986
271,1.5251611471176147,1.443340368304058
272,1.5131492614746094,1.274953600579198
273,1.4954410791397095,1.2751509657277458
274,1.4689501523971558,1.2666798362478948
275,1.4338847398757935,1.2255993070242637
276,1.392165184020996,1.2222281434112017
277,1.3474041223526,1.2209713090484349
278,1.3039774894714355,1.2079831708473339
279,1.2656153440475464,1.1977734610825852
280,1.2347750663757324,1.1664157563669446
281,1.2118556499481201,1.1566365285588955
282,1.1960952281951904,1.1565775275693608
283,1.1864286661148071,1.1475641389390259
284,1.181548833847046,1.1447125435452659
285,1.1802046298980713,1.1441153218502456
286,1.1813682317733765,1.1365115493524485
287,1.184038758277893,1.116870317977386
288,1.186894178390503,1.0945428937232635
289,1.1883715391159058,1.029979873059005
290,1.1857984066009521,1.0237640056070183
291,1.1776342391967773,0.9974039724010152
292,1.1634470224380493,0.9897935144282678
293,1.1442246437072754,1.0059946575876242
294,1.122604489326477,1.0197305838368165
295,1.1020150184631348,0.9945915434981936
296,1.084648609161377,0.9909071533690939
297,1.0715879201889038,0.9858298446763414
298,1.06297767162323,1.0106812265339415
299,1.0591130256652832,1.0131157655489986
300,1.059922456741333,1.00412913956594
301,1.064510464668274,1.0177767929162056
302,1.0719499588012695,1.010168977121647
303,1.0809558629989624,0.7616350934030719
304,1.083341121673584,0.7641306583114957
305,1.0728455781936646,0.6838006969101397
306,1.0458252429962158,0.6517232125214666
307,1.0026185512542725,0.6490236246912735
308,0.9475570321083069,0.6250134980273638
309,0.886726438999176,0.6422423232526343
310,0.8271892070770264,0.6389117879766586
311,0.7751013040542603,0.6512949643794969
312,0.7350473403930664,0.6731166238816084
313,0.7098779678344727,0.6906611561278179
314,0.7005096077919006,0.6919986591177666
315,0.7056381702423096,0.6997444063118685
316,0.7223650217056274,0.7059387473414083
317,0.7469300031661987,0.7054650699306129
318,0.7752634882926941,0.7039572285925331
319,0.803571343421936,0.7033166306096904
320,0.8288394808769226,0.7034910590560207
321,0.8491190075874329,0.744513019155726
322,0.8646316528320312,0.7441771973214113
323,0.8762947916984558,0.7451173355326574
324,0.8850276470184326,0.7514322599450868
325,0.8916518092155457,0.758661030057525
326,0.8968798518180847,0.7781669317755284
327,0.9016311168670654,0.7809673077831614
328,0.9065143465995789,0.7924059483869137
329,0.9119414687156677,0.810202282206737
330,0.9183472990989685,0.8519654623851051
331,0.9268200397491455,0.8519490679150836
332,0.9377495050430298,0.8537746321179043
333,0.9506096243858337,0.8529969184056377
334,0.9641665816307068,0.8517454393927537
335,0.9769083261489868,0.8369274590141678
336,0.9870991110801697,0.8545818525136388
337,0.9940288066864014,0.8576441974100413
338,0.9977758526802063,0.8581624485674442
339,0.9988487958908081,0.8547619840894933
340,0.9978309273719788,0.8565939651747395
341,0.9953826069831848,0.8612644865650767
342,0.9922584295272827,0.8610678820404771
343,0.9890828132629395,0.8538195748879456
344,0.9860759377479553,0.8516362011016363
345,0.983235776424408,0.8516301243760452
346,0.9805343151092529,0.8515284355848405
347,0.9779871702194214,0.8531327822197998
348,0.9757022261619568,0.8235041095242758
349,0.9729993343353271,0.8166560353761992
350,0.9691488146781921,0.8389787173485885
351,0.9645127654075623,0.8616954128032251
352,0.9604731798171997,0.9218058824457144
353,0.9598783850669861,0.9247544218341505
354,0.9646889567375183,0.9154565671474376
355,0.9748907685279846,0.9141721142421341
356,0.9889640808105469,0.9119688517331113
357,1.004616618156433,0.9106066682620307
358,1.0195244550704956,0.9138706104944976
359,1.0319719314575195,0.9043593400116068
360,1.0407217741012573,0.9099119653102312
361,1.0454509258270264,0.9122549363020483
362,1.046592116355896,0.8750752349863091
363,1.0439679622650146,0.858188381225886
364,1.0373003482818604,0.8541542976769566
365,1.0268945693969727,0.846438629785118
366,1.0135908126831055,0.8444966577527422
367,0.998695969581604,0.8445734254716948
368,0.9837462306022644,0.8466940073959658
369,0.9702433943748474,0.8489938430040539
370,0.9593957662582397,0.8567605257458494
371,0.95209801197052,0.7958273702276609
372,0.9470025897026062,0.8147071065169794
373,0.9430117607116699,0.8142463360621406
374,0.9395138025283813,0.8136801178383544
375,0.9363218545913696,0.8157267010893509
376,0.9335824847221375,0.8216331115296387
377,0.9316986799240112,0.8292912619292335
378,0.9311908483505249,0.8072363014509027
379,0.9317163228988647,0.7999129711057226
380,0.9324963092803955,0.761989110004714
381,0.9318671822547913,0.7627532366746554
382,0.9287323951721191,0.7772864957669587
383,0.9233444333076477,0.7962795553660115
384,0.9171836972236633,0.7974982719764109
385,0.9118513464927673,0.7951778707756374
386,0.9083970189094543,0.7754706521398682
387,0.9066907167434692,0.7801549030931206
388,0.9062865376472473,0.7895439659958795
389,0.9069413542747498,0.8143905952742431
390,0.9091067910194397,0.8115626573655575
391,0.9129895567893982,0.9808326267652304
392,0.9229280948638916,0.9828968538451487
393,0.9420827031135559,1.0104728661746545
394,0.9713155627250671,1.0161453744744058
395,1.008695363998413,1.0322948035858373
396,1.0506306886672974,1.0389232123115486
397,1.0928195714950562,1.037432175206967
398,1.1310373544692993,1.038708259809353
399,1.1620110273361206,1.1051964031682724
400,1.1857562065124512,1.0909609611482267
401,1.2028915882110596,1.1794951664767026
402,1.2166951894760132,1.131391791880853
403,1.2284653186798096,1.1283622125584494
404,1.2381407022476196,1.1493248727551293
405,1.245741605758667,1.190227975292634
406,1.2523914575576782,1.198580688812574
407,1.2591586112976074,1.2538115941919727
408,1.26799476146698,1.2694638441474968
409,1.280238151550293,1.2797851336882475
410,1.296013593673706,1.2741236679911652
411,1.313923716545105,1.2946699312666037
412,1.332414150238037,1.3028111741449653
413,1.3500185012817383,1.3026479895273408
414,1.3653537034988403,1.3333699835881725
415,1.378237247467041,1.3338120806011675
416,1.3887335062026978,1.3310460737072982
417,1.3967629671096802,1.3328611483773247
418,1.402264952659607,1.3353526065008354
419,1.4053367376327515,1.3424443753896091
420,1.4064152240753174,1.3389283321804115
421,1.405892252922058,1.3417650331608078
422,1.404224157333374,1.3327462708109037
423,1.4015686511993408,1.336194456757274
424,1.3981881141662598,1.3372187510663014
425,1.3944450616836548,1.3266649590808044
426,1.3903974294662476,1.3113105178659703
427,1.3856703042984009,1.3099969126796638
428,1.3800708055496216,1.3496318307895967
429,1.3749547004699707,1.3435835099428763
430,1.371500015258789,1.3642156526581126
431,1.3709102869033813,1.3694383055056292
432,1.373774766921997,1.3919244398111883
433,1.3804692029953003,1.3732236135709492
434,1.3899574279785156,1.410785715895142
435,1.401718020439148,1.420451506770861
436,1.4152367115020752,1.44232572734715
437,1.4302436113357544,1.4464372464110296
438,1.4461257457733154,1.4620804839609436
439,1.462286114692688,1.4546205662415626
440,1.4775811433792114,1.499993634291099
441,1.492148995399475,1.4119456831265902
442,1.5033315420150757,1.5623673637041047
443,1.5133616924285889,1.555620544868925
444,1.524509310722351,1.6499364707535855
445,1.5406148433685303,1.6354529986992359
446,1.562882900238037,1.6583866138089634
447,1.5905722379684448,1.7017126749626754
448,1.6224591732025146,1.7061464597554532
449,1.6561987400054932,1.6783550300969912
450,1.687775731086731,1.6845757413830187
451,1.7136547565460205,1.6116659851524862
452,1.7292454242706299,1.6175548711594598
453,1.7323617935180664,1.6190271433818442
454,1.7236769199371338,1.6043955621160972
455,1.7055153846740723,1.5842015983881512
456,1.6807373762130737,1.5789230736684667
457,1.6525537967681885,1.5328947637325798
458,1.6228091716766357,1.5193383552824564
459,1.5929092168807983,1.5086501267430323
460,1.5641645193099976,1.5165070124271878
461,1.5383224487304688,1.4921386642469388
462,1.5162925720214844,1.4868791932588616
463,1.498505711555481,1.487504121152302
464,1.4852005243301392,1.470908654646245
465,1.475905179977417,1.4706424635971367
466,1.4700071811676025,1.4725802420551026
467,1.467000126838684,1.4709845413526836
468,1.4663821458816528,1.4676802258434984
469,1.46755850315094,1.462312930655569
470,1.4698004722595215,1.487599965233565
471,1.473259449005127,1.5330305099954562
472,1.479462742805481,1.5415624381407402
473,1.4895375967025757,1.5383162336337548
474,1.5032507181167603,1.5374178327814556
475,1.5192278623580933,1.5601076572236148
476,1.5362582206726074,1.5588191580524495
477,1.5529512166976929,1.554193250301202
478,1.567784070968628,1.5187755582453033
479,1.5784399509429932,1.5172855045269231
480,1.5833951234817505,1.4945708141667893
481,1.5817337036132812,1.490877828415415
482,1.5737699270248413,1.4610108417228607
483,1.560088038444519,1.4648657964938987
484,1.5423163175582886,1.4399956859355052
485,1.5219855308532715,1.4403800007197776
486,1.5009300708770752,1.411869824808785
487,1.4802173376083374,1.4122096034845228
488,1.460896372795105,1.390677812891456
489,1.4433943033218384,1.4178343165184217
490,1.4289536476135254,1.3580592290835245
491,1.4168953895568848,1.3681533274552482
492,1.4067044258117676,1.1620678408192076
493,1.3921633958816528,1.1583785573213754
494,1.368818759918213,1.0332462177509545
495,1.3326387405395508,1.0333945123916486
496,1.2839442491531372,0.9735134293886748
497,1.2254226207733154,0.9183748482697528
498,1.1607896089553833,0.9133264493376912
499,1.0951119661331177,1.005195217401197
500,1.036429524421692,1.0285820279340336
501,0.9922681450843811,1.0224757502666308
502,0.9668454527854919,1.0430063700891108
503,0.9612080454826355,1.0448807479337716
504,0.9732573628425598,1.0613162387100994
505,0.9990351796150208,1.0476293419783491
506,1.032994031906128,1.0547886276698433
507,1.069626808166504,1.051668010835135
508,1.1041849851608276,1.0517126211856265
509,1.1332764625549316,1.0523290557421874
510,1.1550676822662354,1.0452431988111217
511,1.1689285039901733,1.0443051622594657
512,1.175321102142334,1.04429776605434
513,1.1755188703536987,1.0440088113931425
514,1.1712250709533691,1.0505130872137198
515,1.1644138097763062,1.0505682906974485
516,1.1568433046340942,1.0496928454095262
517,1.1497924327850342,1.0578605562294146
518,1.1442608833312988,1.059211512060216
519,1.1407893896102905,1.0541862294522366
520,1.139286994934082,1.0071841557893657
521,1.137996792793274,0.94614393586054
522,1.133639931678772,0.931322225203664
523,1.123801827430725,0.9323126350280572
524,1.1081674098968506,0.9438841634877551
525,1.0885728597640991,0.9358519132242554
526,1.0675777196884155,0.9456216868036252
527,1.0480222702026367,0.9425345489431116
528,1.0320907831192017,0.9476419884385856
529,1.021166443824768,0.9507562175658577
530,1.0157445669174194,0.9519070289678412
531,1.0154786109924316,0.9540885653478062
532,1.019431710243225,0.9600750944507008
533,1.026463270187378,0.9542723986689328
534,1.0351347923278809,0.9429759911252432
535,1.0437520742416382,0.9310194773116008
536,1.0506436824798584,0.9329472598396678
537,1.0548509359359741,0.9297679680460696
538,1.0561002492904663,0.9268048203497448
539,1.054652214050293,0.8828031485808769
540,1.0499721765518188,0.8973123890891833
541,1.0423887968063354,0.8596034321951124
542,1.0318762063980103,0.8783955443700379
543,1.019447684288025,0.886765947429209
544,1.006835699081421,0.8783301660667624
545,0.995487630367279,0.9131138903139591
546,0.9873546361923218,0.913155086669338
547,0.983700156211853,0.9164042384751974
548,0.9848237633705139,0.9333929067916252
549,0.9905483722686768,0.8307405841846448
550,0.997159481048584,0.7734281972391909
551,0.999457061290741,0.7753719838031873
552,0.994260847568512,0.7430862141689303
553,0.9803325533866882,0.7339166292094634
554,0.9586110711097717,0.7106686542454299
555,0.9311966300010681,0.7534827852382957
556,0.9022620916366577,0.7455701205004751
557,0.8758200407028198,0.7569933140779576
558,0.8551200032234192,0.754975461183035
559,0.8419044017791748,0.7566228042551006
560,0.8364453911781311,0.7585277260987129
561,0.8378684520721436,0.7758973320338871
562,0.8449925780296326,0.7765035686342091
563,0.8562310934066772,0.8284212003886688
564,0.8711363077163696,0.80459848157543
565,0.8883747458457947,0.8066687111020007
566,0.9061914086341858,0.8070278173829696
567,0.9228371977806091,0.7995442416537929
568,0.936700165271759,0.8068353124409925
569,0.9469386339187622,0.8071105915944603
570,0.9533805847167969,0.8064279175548104
571,0.9563322067260742,0.8099055685170462
572,0.9565101861953735,0.8070576552215214
573,0.9546911120414734,0.8118402238179462
574,0.9517555832862854,0.7856612400926941
575,0.9477652907371521,0.8073240203964894
576,0.9432969093322754,0.8474189186229899
577,0.9401007294654846,0.8472089875169048
578,0.9395568370819092,0.850812436871503
579,0.9422267079353333,0.8474330965240001
580,0.9476858377456665,0.8445176359388744
581,0.9548220038414001,0.84254651892123
582,0.9622841477394104,0.8346596815340529
583,0.9686880111694336,0.8359971195873115
584,0.9731236100196838,0.845450165574589
585,0.9755058884620667,0.8454914108392352
586,0.976180911064148,0.893495630017875
587,0.9769541621208191,0.9265123757903072
588,0.9802525639533997,0.9292095825183708
589,0.9874790906906128,0.928039476471713
590,0.9985228776931763,0.9152318424235532
591,1.011755108833313,0.9169522465430109
592,1.025112271308899,0.901116616723584
593,1.0363253355026245,0.9018671612727402
594,1.0438404083251953,0.9186439714150562
595,1.0475407838821411,0.8813834018286448
596,1.0470547676086426,0.8875403707459435
597,1.0427018404006958,0.8878228935249799
598,1.0354225635528564,0.8711087899622374
599,1.0260385274887085,0.8695281996484351
600,1.015459656715393,0.8707473026776898
601,1.0047249794006348,0.9199992616046724
602,0.9961615204811096,0.9292292034695196
603,0.9918585419654846,0.92946306530642
604,0.9927100539207458,0.9246159144863384
605,0.9981940984725952,0.9067454882010246
606,1.0064033269882202,0.9029827765602308
607,1.015095591545105,0.8941778263351118
608,1.0222351551055908,0.8941271921251255
609,1.026588797569275,0.9435113790032648
610,1.0291712284088135,0.9437799526700767
611,1.0314195156097412,0.9318317468602776
612,1.0340023040771484,0.9320852251859366
613,1.0370004177093506,0.8915504238443871
614,1.0390362739562988,0.8978405931950544
615,1.0390303134918213,0.9063836892464894
616,1.0368499755859375,0.9056099341159621
617,1.0329663753509521,0.9057720647792444
618,1.0281481742858887,0.895504938925668
619,1.022916316986084,0.8955368254294297
620,1.0177124738693237,0.895094477094215
621,1.0129162073135376,0.8944936534319113
622,1.0088191032409668,0.8943008191549483
623,1.005610466003418,0.8955849322750826
624,1.0034083127975464,0.8983054701343326
625,1.0022960901260376,0.8538702868163208
626,1.0010228157043457,0.8112653676078402
627,0.997316300868988,0.8603442673682267
628,0.9911671280860901,0.8505932255530706
629,0.9834343194961548,0.8485925835170455
630,0.9752616286277771,0.8602062531294492
631,0.9680527448654175,0.8621222758865741
632,0.9629263877868652,0.8641691227351885
633,0.9604820609092712,0.8773198437516303
634,0.9610841274261475,0.906437512652098
635,0.9653456211090088,0.9204152763247078
636,0.9736038446426392,0.8647535683153839
637,0.9838066697120667,0.8216221080821741
638,0.9922827482223511,0.8131295456768425
639,0.9959926009178162,0.8099172502913968
640,0.9935800433158875,0.8111036258843682
641,0.9854861497879028,0.8103588144079646
642,0.973358154296875,0.7881663121172839
643,0.9587765336036682,0.7815412203001397
644,0.9432096481323242,0.7628122246152336
645,0.9275891184806824,0.7626835374006474
646,0.9127768874168396,0.7637205900143829
647,0.8996503949165344,0.7929843788542231
648,0.8897318840026855,0.7894106939644205
649,0.8840259909629822,0.7891135934268562
650,0.8827215433120728,0.7888112140228557
651,0.8852663636207581,0.7116764157533004
652,0.8885728120803833,0.7089801412938489
653,0.8897157311439514,0.7265616324172024
654,0.8876172304153442,0.7393938705186258
655,0.8829386830329895,0.7298492971804083
656,0.8768032789230347,0.7246293560915472
657,0.8702664971351624,0.7324625895981578
658,0.8644197583198547,0.7424265864936794
659,0.8603278398513794,0.6972955631175786
660,0.8574022650718689,0.6956901668106935
661,0.8546931743621826,0.6988276685636087
662,0.8516461253166199,0.6988277993389582
663,0.8481696844100952,0.6898452838896298
664,0.8442690372467041,0.685802262327215
665,0.8400388956069946,0.6790540579919893
666,0.8355571627616882,0.6906333593621079
667,0.831335186958313,0.6978365538352195
668,0.8281189799308777,0.7162058229567125
669,0.8269251585006714,0.72141250634118
670,0.828443706035614,0.7216139302269129
671,0.8326939940452576,0.7190091737186313
672,0.8390145897865295,0.7196476296448402
673,0.8464104533195496,0.7087572220660923
674,0.8535564541816711,0.7015491645098701
675,0.8591651916503906,0.7774898976613347
676,0.8644649982452393,0.7745385109366114
677,0.8708150386810303,0.7073185270692761
678,0.8770264983177185,0.7159691918885862
679,0.8816415667533875,0.7176073152332698
680,0.8837528824806213,0.7112859546990972
681,0.8829962611198425,0.7022196413391819
682,0.8793908357620239,0.7018068241152777
683,0.8734515309333801,0.6906620414215372
684,0.865765392780304,0.6490148239982166
685,0.8560236096382141,0.6350997188386348
686,0.8438804149627686,0.6465534745858573
687,0.8299945592880249,0.7064687358960364
688,0.8172032833099365,0.7386764152156639
689,0.8090376853942871,0.774269757211589
690,0.8086111545562744,0.8346779223320105
691,0.8185670971870422,0.8362061755080828
692,0.8391167521476746,0.8406233706111713
693,0.8680583834648132,0.842527875377157
694,0.9016003012657166,0.8372320888006021
695,0.9352852702140808,0.8378739861799634
696,0.9651681780815125,0.8356181420288942
697,0.988445520401001,0.8130906613056693
698,1.0031541585922241,0.8178661836966028
699,1.0089622735977173,0.8310922678578048
700,1.0072941780090332,0.83058914117274
701,1.0003741979599,0.8799185440119476
702,0.9918837547302246,0.8755658630718132
703,0.9848035573959351,0.8731617374879386
704,0.9807183742523193,0.9003799177923262
705,0.9806827306747437,0.9059754658206404
706,0.9848672747612,0.9139996068911844
707,0.9927154183387756,0.9140963972760425
708,1.0030081272125244,0.9212708419125002
709,1.0143951177597046,0.9766331496233401
710,1.0270577669143677,0.9766871012945156
711,1.0410507917404175,0.9755550936090516
712,1.0557729005813599,0.9796746161091483
713,1.0702424049377441,0.9794504982413821
714,1.0833148956298828,0.983212346515415
715,1.094084620475769,0.985800507315602
716,1.102046012878418,0.9954784539169191
717,1.107323169708252,0.9997471476223782
718,1.1104093790054321,0.9890900861701653
719,1.1115399599075317,0.9859750579022594
720,1.1108471155166626,1.093338912601144
721,1.1115700006484985,1.0967306860463002
722,1.1165287494659424,1.1343901891731412
723,1.12778639793396,1.2402453218785503
724,1.1483851671218872,1.249972461359875
725,1.1791350841522217,1.1944007105364742
726,1.2161656618118286,1.1953260988590204
727,1.2538549900054932,1.2059166830299852
728,1.2872647047042847,1.2554150758783016
729,1.314441204071045,1.4263784030472066
730,1.339958667755127,1.4367519481752389
731,1.3682007789611816,1.4609728039807914
732,1.4013429880142212,1.5656240771392609
733,1.4416428804397583,1.7533078845996215
734,1.4942197799682617,1.7638573984605275
735,1.5602195262908936,1.7663200837651498
736,1.635488510131836,1.7721429758014347
737,1.712432861328125,1.764022985806694
738,1.7822577953338623,1.776107609712475
739,1.8380744457244873,2.083776262433582
740,1.8861767053604126,2.3769623452280366
741,1.9430264234542847,2.44493061254513
742,2.0207431316375732,2.5158807510136203
743,2.1227400302886963,2.521343272399826
744,2.241856336593628,2.5211627396307668
745,2.363933563232422,2.582058772448822
746,2.4756436347961426,2.5825702702497386
747,2.5660369396209717,2.5833581712057185
748,2.62837290763855,2.6656352390802627
749,2.6638548374176025,2.687658397054705
750,2.6776039600372314,2.710711613451689
751,2.676302909851074,2.7005755169188204
752,2.6653430461883545,2.7050893056822187
753,2.648909568786621,2.715874161492665
754,2.6303722858428955,2.7530939727452437
755,2.613393783569336,2.7471024777677946
756,2.5999674797058105,2.7491696308569056
757,2.5906691551208496,2.790355984859791
758,2.586564064025879,2.7869325705785593
759,2.58748459815979,2.7694734414353186
760,2.591536521911621,2.7697622162591338
761,2.5965120792388916,2.7828857878864213
762,2.601104259490967,2.7792097643926144
763,2.6044106483459473,2.8133632849550785
764,2.6072838306427,2.813375149654336
765,2.6105198860168457,2.834152325189057
766,2.6151652336120605,2.853238711061852
767,2.62219500541687,2.84936475210363
768,2.6313867568969727,2.8768987376626023
769,2.6426990032196045,2.8827769472134674
770,2.6555912494659424,2.847692737176108
771,2.6675477027893066,2.8466563504445217
772,2.6762356758117676,2.841647272117338
773,2.680176019668579,2.7977837322719683
774,2.6774818897247314,2.795069951875846
775,2.6678342819213867,2.7987052072927496
776,2.6527771949768066,2.801052413222257
777,2.634983539581299,2.79669518891127
778,2.617131233215332,2.772231311898288
779,2.6005380153656006,2.68394306575887
780,2.5828235149383545,2.7038663037615254
781,2.5632922649383545,2.681630681452399
782,2.542022228240967,2.611872303775487
783,2.5177719593048096,2.4424139943205505
784,2.4847559928894043,2.4055152546079266
785,2.4397103786468506,2.4061201986441283
786,2.384551525115967,2.386036577802424
787,2.324312686920166,2.3742093963771924
788,2.2652547359466553,2.3660959976205187
789,2.2132022380828857,2.1758543359285025
790,2.1661314964294434,1.8889634883688673
791,2.1125409603118896,1.7542489518363313
792,2.041851758956909,1.7421669376157434
793,1.9523773193359375,1.7278366200801882
794,1.8503416776657104,1.8020923917970662
795,1.7487982511520386,1.7830131103737856
796,1.6603063344955444,1.7697450074404628
797,1.593630075454712,1.7733796082608189
798,1.5531164407730103,1.6878693036198391
799,1.5361276865005493,1.6734621275989714
800,1.5367262363433838,1.6539461830866131
801,1.5479342937469482,1.6540685770636292
802,1.5638949871063232,1.6667348750676036
803,1.5809773206710815,1.6274766029336525
804,1.5959827899932861,1.6192250194409519
805,1.606869101524353,1.6233328886124057
806,1.6132017374038696,1.6136397382947794
807,1.6153758764266968,1.560058585589524
808,1.6127755641937256,1.5488582232506332
809,1.6051759719848633,1.5299775570034537
810,1.5928761959075928,1.5262199832786376
811,1.577097773551941,1.5246940370054696
812,1.559748888015747,1.5154949969705018
813,1.5426809787750244,1.488060578981424
814,1.526724100112915,1.5129855125612806
815,1.5132707357406616,1.4979432469638554
816,1.5030337572097778,1.4420808297540906
817,1.4945651292800903,1.4502536718368182
818,1.4867334365844727,1.4154865983628913
819,1.4780937433242798,1.4108630852069737
820,1.4679560661315918,1.4117643751581315
821,1.456674337387085,1.4127880768913894
822,1.4453232288360596,1.3850009258738922
823,1.4343476295471191,1.386092290048637
824,1.424226999282837,1.399776448849497
825,1.4159269332885742,1.3893009821988629
826,1.4099560976028442,1.4497075273207098
827,1.4082659482955933,1.4794584019204209
828,1.4129633903503418,1.488516616026164
829,1.424842119216919,1.47362514397697
830,1.4424128532409668,1.4352612498703496
831,1.4617656469345093,1.4345324125665817
832,1.4790079593658447,1.4219228454688693
833,1.4910999536514282,1.4221576526475128
834,1.496673345565796,1.4381755655168935
835,1.4964420795440674,1.429778668737273
836,1.4918529987335205,1.4249809544160352
837,1.4844987392425537,1.4246936077197259
838,1.4759200811386108,1.4214933336782207
839,1.4673348665237427,1.4152780753113614
840,1.4594558477401733,1.4145609475399754
841,1.452698826789856,1.4149964474469405
842,1.4473117589950562,1.3677249730993322
843,1.4419798851013184,1.3626304091052153
844,1.435470700263977,1.2637557084603026
845,1.4244500398635864,1.0841023766781752
846,1.4019396305084229,1.0914553468176456
847,1.3649893999099731,1.0890108482329164
848,1.3156338930130005,1.088352491304288
849,1.259401559829712,1.0945120619198887
850,1.2033157348632812,1.1059728918172644
851,1.1541345119476318,1.1086863189035787
852,1.1167854070663452,1.098051486096821
853,1.0933640003204346,1.0990869263232246
854,1.0835975408554077,1.0513623526762956
855,1.0841434001922607,1.040595043933784
856,1.0906411409378052,1.03607999884544
857,1.0992050170898438,1.039260112662857
858,1.1072818040847778,1.035594765279196
859,1.1135072708129883,1.0107552875561938
860,1.1168186664581299,1.0083255761615553
861,1.116896390914917,1.0010808367886417
862,1.113991379737854,1.0139783746215172
863,1.1092621088027954,1.0030253120981367
864,1.103777527809143,0.9717826637549656
865,1.0975910425186157,0.96237409569095
866,1.090463399887085,0.9633280028620022
867,1.0825213193893433,0.96185089068639
868,1.0742512941360474,0.975169151449295
869,1.0667256116867065,0.9773623570990492
870,1.0610021352767944,0.9727107445505516
871,1.05759596824646,0.9766499600901242
872,1.0566400289535522,0.9764607197754206
873,1.057876706123352,0.9764668925034596
874,1.0607731342315674,0.9602188883044968
875,1.0642186403274536,0.9587523476824372
876,1.0671693086624146,0.8656387363076099
877,1.0664160251617432,0.8157812101948502
878,1.058425784111023,0.7962412983674395
879,1.0414475202560425,0.7982893002650712
880,1.0164730548858643,0.7952136813776072
881,0.986443817615509,0.8003086893430693
882,0.9553130865097046,0.7581805836539653
883,0.9257474541664124,0.7568890443383974
884,0.8996691107749939,0.7152462562225737
885,0.8773412108421326,0.7162366387647766
886,0.8586962819099426,0.7081569827401446
887,0.8435415029525757,0.7405372125047472
888,0.8326520323753357,0.7654173135079126
889,0.8273654580116272,0.7878232875872192
890,0.8288955092430115,0.8219102195252362
891,0.8381667137145996,0.8294848095819873
892,0.8548551797866821,0.8591241092915322
893,0.8779623508453369,0.8590193903866026
894,0.905360996723175,0.8867824942909059
895,0.9349260330200195,0.8592356735118053
896,0.9635291695594788,0.855627409234393
897,0.9881197214126587,0.8946799616699118
898,1.0076404809951782,0.8944079098155102
899,1.0220211744308472,0.907793184822261
900,1.0320193767547607,0.8920674725190852
901,1.0380915403366089,0.8908507737688495
902,1.040621280670166,0.9448715619363299
903,1.041583776473999,0.9273358488159634
904,1.0422977209091187,0.92779588251588
905,1.0433605909347534,0.9255822221506718
906,1.044751763343811,0.9356885523060048
907,1.0464304685592651,0.9432480693946972
908,1.0484519004821777,0.943412461223638
909,1.0507503747940063,0.9344264002165787
910,1.0528721809387207,0.936996195097058
911,1.0544203519821167,0.9473344019041098
912,1.0554441213607788,0.9302657475229972
913,1.0556418895721436,0.9415235406381578
914,1.0550988912582397,0.9324639151259388
915,1.0538132190704346,0.9367985204035659
916,1.0519810914993286,0.9018425200091796
917,1.0489213466644287,0.8937039899070265
918,1.043940544128418,0.8836532214565924
919,1.0366746187210083,0.8830578324491999
920,1.0274319648742676,0.8840555404408593
921,1.01710844039917,0.8806845752586989
922,1.0067574977874756,0.8980259077359775
923,0.9978525638580322,0.8953637975569324
924,0.9914677739143372,0.8963199330024516
925,0.9880944490432739,0.8970566675773105
926,0.9876623749732971,0.8930615543837911
927,0.9895533919334412,0.9490490496862597
928,0.9944537878036499,0.9485356717793226
929,1.0027222633361816,0.95289777549934
930,1.0140163898468018,0.9574784823087258
931,1.0273966789245605,0.9518292742846316
932,1.0413378477096558,0.9696665177986451
933,1.0547518730163574,1.0097154596326592
934,1.067880630493164,1.0088449823402164
935,1.0808969736099243,1.0086681158445203
936,1.0935107469558716,1.0045210702570295
937,1.1049513816833496,0.9767919225562848
938,1.1135966777801514,0.9671722768373628
939,1.1179569959640503,0.9551935990824614
940,1.1171387434005737,0.9373462436029084
941,1.1108418703079224,0.9404569061676694
942,1.099906086921692,0.9060339231278436
943,1.085042953491211,0.9233899830469977
944,1.067970633506775,0.8975194476566503
945,1.050057291984558,0.9296527097319868
946,1.0335134267807007,0.9707421677076582
947,1.0214002132415771,0.9532477773147497
948,1.0152666568756104,0.959327515317186
949,1.015321135520935,0.9481714991362756
950,1.0203148126602173,0.9619991211344414
951,1.0287388563156128,0.97593518179088
952,1.039358377456665,0.9592335270608637
953,1.0504944324493408,0.9587672513502772
954,1.0605974197387695,0.9537503225717648
955,1.0684436559677124,0.9547524380961048
956,1.073433518409729,0.9732163400773426
